23:00:29.360 [main] INFO  - Test
23:00:29.360 [main] INFO  - Default output directory: C:\UIC EDUCATION\SEM 3\CS441\github\Big-Data-Graph-Analysis-with-Hadoop
23:00:29.360 [main] ERROR - Output directory C:/UIC EDUCATION/CS441/HW/HW1/NetGameSim/outputs/ does not exist or is not a directory, using current directory instead: C:\UIC EDUCATION\SEM 3\CS441\github\Big-Data-Graph-Analysis-with-Hadoop
23:00:29.481 [main] INFO  - Test
23:00:29.486 [main] INFO  - Creating net subgraphs.....

23:00:29.517 [main] INFO  - Creating perturbed subgraphs.....

23:00:29.517 [main] INFO  - All Net subgraphs are as follows:
23:00:29.517 [main] INFO  - Net SubGraph:List(0, 2, 1, 17)
23:00:29.517 [main] INFO  - Net SubGraph:List(17, 20, 1, 14, 13, 8, 0)
23:00:29.517 [main] INFO  - Net SubGraph:List(10, 3, 13, 8, 9, 15, 0)
23:00:29.517 [main] INFO  - Net SubGraph:List(15, 4, 9, 12, 16, 18, 0)
23:00:29.517 [main] INFO  - Net SubGraph:List(18, 5, 7, 19, 6, 0)
23:00:29.517 [main] INFO  - Net SubGraph:List(6, 11, 0)
23:00:29.517 [main] INFO  - All Perturbed subgraphs are as follows::
23:00:29.533 [main] INFO  - Perturbed SubGraph:List(0, 2, 1, 17)
23:00:29.533 [main] INFO  - Perturbed SubGraph:List(20, 1, 8, 3, 9, 0)
23:00:29.533 [main] INFO  - Perturbed SubGraph:List(4, 9, 21, 16, 18, 0)
23:00:29.533 [main] INFO  - Perturbed SubGraph:List(18, 5, 7, 19, 6, 0)
23:00:29.533 [main] INFO  - Perturbed SubGraph:List(6, 11, 13, 10, 15, 0)
23:00:29.533 [main] INFO  - Perturbed SubGraph:List(15, 12, 0)
23:00:29.533 [main] INFO  - Serializing SubGraphs...:
23:00:29.549 [main] INFO  - Subgraphs File saved successfully at! ./outputs/MapReduce1//mapper1Input.txt
23:00:29.549 [main] INFO  - Serializing entire graphInfo...:
23:00:29.549 [main] INFO  - Subgraphs File saved successfully at! ./outputs/MapReduce1//graphInfo.txt
23:00:29.690 [main] WARN  - "local" is a deprecated filesystem name. Use "file:///" instead.
23:00:29.690 [main] WARN  - "local" is a deprecated filesystem name. Use "file:///" instead.
23:00:29.862 [main] WARN  - "local" is a deprecated filesystem name. Use "file:///" instead.
23:00:29.882 [main] WARN  - Cannot locate configuration: tried hadoop-metrics2-jobtracker.properties,hadoop-metrics2.properties
23:00:29.972 [main] INFO  - Scheduled Metric snapshot period at 10 second(s).
23:00:29.972 [main] INFO  - JobTracker metrics system started
23:00:29.982 [main] WARN  - "local" is a deprecated filesystem name. Use "file:///" instead.
23:00:29.982 [main] WARN  - JobTracker metrics system already initialized!
23:00:29.982 [main] WARN  - "local" is a deprecated filesystem name. Use "file:///" instead.
23:00:29.988 [main] WARN  - "local" is a deprecated filesystem name. Use "file:///" instead.
23:01:16.936 [main] INFO  - Test
23:01:16.936 [main] INFO  - Default output directory: C:\UIC EDUCATION\SEM 3\CS441\github\Big-Data-Graph-Analysis-with-Hadoop
23:01:16.936 [main] ERROR - Output directory C:/UIC EDUCATION/CS441/HW/HW1/NetGameSim/outputs/ does not exist or is not a directory, using current directory instead: C:\UIC EDUCATION\SEM 3\CS441\github\Big-Data-Graph-Analysis-with-Hadoop
23:01:17.045 [main] INFO  - Test
23:01:17.061 [main] INFO  - Creating net subgraphs.....

23:01:17.093 [main] INFO  - Creating perturbed subgraphs.....

23:01:17.108 [main] INFO  - All Net subgraphs are as follows:
23:01:17.108 [main] INFO  - Net SubGraph:List(0, 2, 1, 17)
23:01:17.108 [main] INFO  - Net SubGraph:List(17, 20, 1, 14, 13, 8, 0)
23:01:17.108 [main] INFO  - Net SubGraph:List(10, 3, 13, 8, 9, 15, 0)
23:01:17.108 [main] INFO  - Net SubGraph:List(15, 4, 9, 12, 16, 18, 0)
23:01:17.108 [main] INFO  - Net SubGraph:List(18, 5, 7, 19, 6, 0)
23:01:17.108 [main] INFO  - Net SubGraph:List(6, 11, 0)
23:01:17.108 [main] INFO  - All Perturbed subgraphs are as follows::
23:01:17.108 [main] INFO  - Perturbed SubGraph:List(0, 2, 1, 17)
23:01:17.108 [main] INFO  - Perturbed SubGraph:List(20, 1, 8, 3, 9, 0)
23:01:17.108 [main] INFO  - Perturbed SubGraph:List(4, 9, 21, 16, 18, 0)
23:01:17.108 [main] INFO  - Perturbed SubGraph:List(18, 5, 7, 19, 6, 0)
23:01:17.108 [main] INFO  - Perturbed SubGraph:List(6, 11, 13, 10, 15, 0)
23:01:17.108 [main] INFO  - Perturbed SubGraph:List(15, 12, 0)
23:01:17.108 [main] INFO  - Serializing SubGraphs...:
23:01:17.124 [main] INFO  - Subgraphs File saved successfully at! ./outputs/MapReduce1//mapper1Input.txt
23:01:17.124 [main] INFO  - Serializing entire graphInfo...:
23:01:17.140 [main] INFO  - Subgraphs File saved successfully at! ./outputs/MapReduce1//graphInfo.txt
23:01:17.265 [main] WARN  - "local" is a deprecated filesystem name. Use "file:///" instead.
23:01:17.265 [main] WARN  - "local" is a deprecated filesystem name. Use "file:///" instead.
23:01:17.453 [main] WARN  - "local" is a deprecated filesystem name. Use "file:///" instead.
23:01:17.486 [main] WARN  - Cannot locate configuration: tried hadoop-metrics2-jobtracker.properties,hadoop-metrics2.properties
23:01:17.532 [main] INFO  - Scheduled Metric snapshot period at 10 second(s).
23:01:17.532 [main] INFO  - JobTracker metrics system started
23:01:17.547 [main] WARN  - "local" is a deprecated filesystem name. Use "file:///" instead.
23:01:17.547 [main] WARN  - JobTracker metrics system already initialized!
23:01:17.547 [main] WARN  - "local" is a deprecated filesystem name. Use "file:///" instead.
23:01:17.547 [main] WARN  - "local" is a deprecated filesystem name. Use "file:///" instead.
23:01:17.547 [main] WARN  - "local" is a deprecated filesystem name. Use "file:///" instead.
23:01:17.586 [main] WARN  - Hadoop command-line option parsing not performed. Implement the Tool interface and execute your application with ToolRunner to remedy this.
23:01:17.626 [main] WARN  - "local" is a deprecated filesystem name. Use "file:///" instead.
23:01:17.642 [main] INFO  - Total input files to process : 1
23:01:17.642 [main] WARN  - "local" is a deprecated filesystem name. Use "file:///" instead.
23:01:17.642 [main] WARN  - "local" is a deprecated filesystem name. Use "file:///" instead.
23:01:17.657 [main] INFO  - number of splits:1
23:01:17.767 [main] INFO  - Submitting tokens for job: job_local1036657382_0001
23:01:17.767 [main] INFO  - Executing with tokens: []
23:01:17.799 [main] WARN  - "local" is a deprecated filesystem name. Use "file:///" instead.
23:01:17.799 [main] WARN  - "local" is a deprecated filesystem name. Use "file:///" instead.
23:01:17.830 [main] WARN  - "local" is a deprecated filesystem name. Use "file:///" instead.
23:01:17.877 [main] INFO  - The url to track the job: http://localhost:8080/
23:01:17.882 [main] INFO  - Running job: job_local1036657382_0001
23:01:17.882 [Thread-3] INFO  - OutputCommitter set in config null
23:01:17.884 [Thread-3] INFO  - OutputCommitter is org.apache.hadoop.mapred.FileOutputCommitter
23:01:17.886 [Thread-3] INFO  - File Output Committer Algorithm version is 2
23:01:17.886 [Thread-3] INFO  - FileOutputCommitter skip cleanup _temporary folders under output directory:false, ignore cleanup failures: false
23:01:17.886 [Thread-3] WARN  - "local" is a deprecated filesystem name. Use "file:///" instead.
23:01:17.886 [Thread-3] WARN  - "local" is a deprecated filesystem name. Use "file:///" instead.
23:01:17.916 [Thread-3] INFO  - Waiting for map tasks
23:01:17.916 [LocalJobRunner Map Task Executor #0] INFO  - Starting task: attempt_local1036657382_0001_m_000000_0
23:01:17.931 [LocalJobRunner Map Task Executor #0] INFO  - File Output Committer Algorithm version is 2
23:01:17.931 [LocalJobRunner Map Task Executor #0] INFO  - FileOutputCommitter skip cleanup _temporary folders under output directory:false, ignore cleanup failures: false
23:01:17.931 [LocalJobRunner Map Task Executor #0] WARN  - "local" is a deprecated filesystem name. Use "file:///" instead.
23:01:17.947 [LocalJobRunner Map Task Executor #0] INFO  - ProcfsBasedProcessTree currently is supported only on Linux.
23:01:18.025 [LocalJobRunner Map Task Executor #0] INFO  -  Using ResourceCalculatorProcessTree : org.apache.hadoop.yarn.util.WindowsBasedProcessTree@3c26576e
23:01:18.025 [LocalJobRunner Map Task Executor #0] WARN  - "local" is a deprecated filesystem name. Use "file:///" instead.
23:01:18.041 [LocalJobRunner Map Task Executor #0] INFO  - Processing split: file:/C:/UIC EDUCATION/SEM 3/CS441/github/Big-Data-Graph-Analysis-with-Hadoop/outputs/MapReduce1/mapper1Input.txt:0+51738
23:01:18.041 [LocalJobRunner Map Task Executor #0] WARN  - "local" is a deprecated filesystem name. Use "file:///" instead.
23:01:18.041 [LocalJobRunner Map Task Executor #0] WARN  - "local" is a deprecated filesystem name. Use "file:///" instead.
23:01:18.057 [LocalJobRunner Map Task Executor #0] INFO  - numReduceTasks: 1
23:01:18.057 [LocalJobRunner Map Task Executor #0] WARN  - "local" is a deprecated filesystem name. Use "file:///" instead.
23:01:18.104 [LocalJobRunner Map Task Executor #0] INFO  - (EQUATOR) 0 kvi 26214396(104857584)
23:01:18.104 [LocalJobRunner Map Task Executor #0] INFO  - mapreduce.task.io.sort.mb: 100
23:01:18.104 [LocalJobRunner Map Task Executor #0] INFO  - soft limit at 83886080
23:01:18.104 [LocalJobRunner Map Task Executor #0] INFO  - bufstart = 0; bufvoid = 104857600
23:01:18.104 [LocalJobRunner Map Task Executor #0] INFO  - kvstart = 26214396; length = 6553600
23:01:18.104 [LocalJobRunner Map Task Executor #0] INFO  - Map output collector class = org.apache.hadoop.mapred.MapTask$MapOutputBuffer
23:01:18.148 [scala-execution-context-global-25] INFO  - Random value generator created with the seed Some(100)
23:01:18.230 [LocalJobRunner Map Task Executor #0] INFO  - mapper1 output[ids]:- key: NodeObject(17,3,4,1,87,0,0,5,0.10701205573724826) ---val: List((NodeObject(2,1,5,1,35,1,3,19,0.8388753742369075),0.0), (NodeObject(17,3,4,1,87,0,0,5,0.10701205573724826),1.0), (NodeObject(1,1,18,1,11,4,6,5,0.2806625912171058),0.0), (NodeObject(0,0,11,1,84,4,5,9,0.5827776292984372),0.0))

23:01:18.230 [LocalJobRunner Map Task Executor #0] INFO  - mapper1 output[ids]:- key: NodeObject(0,0,11,1,84,4,5,9,0.5827776292984372) ---val: List((NodeObject(2,1,5,1,35,1,3,19,0.8388753742369075),0.0), (NodeObject(17,3,4,1,87,0,0,5,0.10701205573724826),0.0), (NodeObject(1,1,18,1,11,4,6,5,0.2806625912171058),0.0), (NodeObject(0,0,11,1,84,4,5,9,0.5827776292984372),1.0))

23:01:18.230 [LocalJobRunner Map Task Executor #0] INFO  - mapper1 output[ids]:- key: NodeObject(2,1,5,1,35,1,3,19,0.8388753742369075) ---val: List((NodeObject(2,1,5,1,35,1,3,19,0.8388753742369075),1.0), (NodeObject(17,3,4,1,87,0,0,5,0.10701205573724826),0.0), (NodeObject(1,1,18,1,11,4,6,5,0.2806625912171058),1.0), (NodeObject(0,0,11,1,84,4,5,9,0.5827776292984372),0.0))

23:01:18.230 [LocalJobRunner Map Task Executor #0] INFO  - mapper1 output[ids]:- key: NodeObject(1,1,18,1,11,4,6,5,0.2806625912171058) ---val: List((NodeObject(2,1,5,1,35,1,3,19,0.8388753742369075),1.0), (NodeObject(17,3,4,1,87,0,0,5,0.10701205573724826),0.0), (NodeObject(1,1,18,1,11,4,6,5,0.2806625912171058),1.0), (NodeObject(0,0,11,1,84,4,5,9,0.5827776292984372),0.0))

23:01:18.261 [LocalJobRunner Map Task Executor #0] INFO  - mapper1 output[ids]:- key: NodeObject(17,3,4,1,87,0,0,5,0.10701205573724826) ---val: List((NodeObject(20,6,7,1,28,4,0,14,0.0628437209012701),1.0), (NodeObject(3,1,11,1,37,0,3,10,0.8626833376275964),0.0), (NodeObject(9,3,17,1,34,1,4,5,0.20299478743204047),0.0), (NodeObject(1,1,18,1,11,4,6,5,0.2806625912171058),0.0), (NodeObject(0,0,11,1,84,4,5,9,0.5827776292984372),0.0), (NodeObject(8,5,6,1,25,3,3,19,0.15238957077919457),0.0))

23:01:18.261 [LocalJobRunner Map Task Executor #0] INFO  - mapper1 output[ids]:- key: NodeObject(0,0,11,1,84,4,5,9,0.5827776292984372) ---val: List((NodeObject(20,6,7,1,28,4,0,14,0.0628437209012701),0.0), (NodeObject(3,1,11,1,37,0,3,10,0.8626833376275964),0.0), (NodeObject(9,3,17,1,34,1,4,5,0.20299478743204047),0.0), (NodeObject(1,1,18,1,11,4,6,5,0.2806625912171058),0.0), (NodeObject(0,0,11,1,84,4,5,9,0.5827776292984372),1.0), (NodeObject(8,5,6,1,25,3,3,19,0.15238957077919457),0.0))

23:01:18.261 [LocalJobRunner Map Task Executor #0] INFO  - mapper1 output[ids]:- key: NodeObject(2,1,5,1,35,1,3,19,0.8388753742369075) ---val: List((NodeObject(20,6,7,1,28,4,0,14,0.0628437209012701),0.0), (NodeObject(3,1,11,1,37,0,3,10,0.8626833376275964),0.0), (NodeObject(9,3,17,1,34,1,4,5,0.20299478743204047),0.0), (NodeObject(1,1,18,1,11,4,6,5,0.2806625912171058),1.0), (NodeObject(0,0,11,1,84,4,5,9,0.5827776292984372),0.0), (NodeObject(8,5,6,1,25,3,3,19,0.15238957077919457),0.0))

23:01:18.261 [LocalJobRunner Map Task Executor #0] INFO  - mapper1 output[ids]:- key: NodeObject(1,1,18,1,11,4,6,5,0.2806625912171058) ---val: List((NodeObject(20,6,7,1,28,4,0,14,0.0628437209012701),0.0), (NodeObject(3,1,11,1,37,0,3,10,0.8626833376275964),0.0), (NodeObject(9,3,17,1,34,1,4,5,0.20299478743204047),0.0), (NodeObject(1,1,18,1,11,4,6,5,0.2806625912171058),1.0), (NodeObject(0,0,11,1,84,4,5,9,0.5827776292984372),0.0), (NodeObject(8,5,6,1,25,3,3,19,0.15238957077919457),0.0))

23:01:18.324 [LocalJobRunner Map Task Executor #0] INFO  - mapper1 output[ids]:- key: NodeObject(17,3,4,1,87,0,0,5,0.10701205573724826) ---val: List((NodeObject(4,3,10,1,45,3,4,14,0.6810453271960514),0.0), (NodeObject(21,4,14,1,30,3,3,10,0.05614565169070462),0.0), (NodeObject(9,3,17,1,34,1,4,5,0.20299478743204047),0.0), (NodeObject(18,3,14,1,68,1,5,4,0.24798693717137488),0.0), (NodeObject(0,0,11,1,84,4,5,9,0.5827776292984372),0.0), (NodeObject(16,5,19,1,20,2,3,0,0.14008970054960346),0.0))

23:01:18.324 [LocalJobRunner Map Task Executor #0] INFO  - mapper1 output[ids]:- key: NodeObject(0,0,11,1,84,4,5,9,0.5827776292984372) ---val: List((NodeObject(4,3,10,1,45,3,4,14,0.6810453271960514),0.0), (NodeObject(21,4,14,1,30,3,3,10,0.05614565169070462),0.0), (NodeObject(9,3,17,1,34,1,4,5,0.20299478743204047),0.0), (NodeObject(18,3,14,1,68,1,5,4,0.24798693717137488),0.0), (NodeObject(0,0,11,1,84,4,5,9,0.5827776292984372),1.0), (NodeObject(16,5,19,1,20,2,3,0,0.14008970054960346),0.0))

23:01:18.324 [LocalJobRunner Map Task Executor #0] INFO  - mapper1 output[ids]:- key: NodeObject(2,1,5,1,35,1,3,19,0.8388753742369075) ---val: List((NodeObject(4,3,10,1,45,3,4,14,0.6810453271960514),0.0), (NodeObject(21,4,14,1,30,3,3,10,0.05614565169070462),0.0), (NodeObject(9,3,17,1,34,1,4,5,0.20299478743204047),0.0), (NodeObject(18,3,14,1,68,1,5,4,0.24798693717137488),0.0), (NodeObject(0,0,11,1,84,4,5,9,0.5827776292984372),0.0), (NodeObject(16,5,19,1,20,2,3,0,0.14008970054960346),0.0))

23:01:18.324 [LocalJobRunner Map Task Executor #0] INFO  - mapper1 output[ids]:- key: NodeObject(1,1,18,1,11,4,6,5,0.2806625912171058) ---val: List((NodeObject(4,3,10,1,45,3,4,14,0.6810453271960514),0.0), (NodeObject(21,4,14,1,30,3,3,10,0.05614565169070462),0.0), (NodeObject(9,3,17,1,34,1,4,5,0.20299478743204047),0.0), (NodeObject(18,3,14,1,68,1,5,4,0.24798693717137488),0.0), (NodeObject(0,0,11,1,84,4,5,9,0.5827776292984372),0.0), (NodeObject(16,5,19,1,20,2,3,0,0.14008970054960346),0.0))

23:01:18.340 [LocalJobRunner Map Task Executor #0] INFO  - mapper1 output[ids]:- key: NodeObject(17,3,4,1,87,0,0,5,0.10701205573724826) ---val: List((NodeObject(7,5,13,1,10,0,3,5,0.07014254745794635),0.0), (NodeObject(6,3,19,1,99,4,1,1,0.8144618384339453),0.0), (NodeObject(18,3,14,1,68,1,5,4,0.24798693717137488),0.0), (NodeObject(0,0,11,1,84,4,5,9,0.5827776292984372),0.0), (NodeObject(5,4,11,1,86,0,1,5,0.7994990274174223),0.0), (NodeObject(19,2,0,1,43,4,1,4,0.3004878843780977),0.0))

23:01:18.340 [LocalJobRunner Map Task Executor #0] INFO  - mapper1 output[ids]:- key: NodeObject(0,0,11,1,84,4,5,9,0.5827776292984372) ---val: List((NodeObject(7,5,13,1,10,0,3,5,0.07014254745794635),0.0), (NodeObject(6,3,19,1,99,4,1,1,0.8144618384339453),0.0), (NodeObject(18,3,14,1,68,1,5,4,0.24798693717137488),0.0), (NodeObject(0,0,11,1,84,4,5,9,0.5827776292984372),1.0), (NodeObject(5,4,11,1,86,0,1,5,0.7994990274174223),0.0), (NodeObject(19,2,0,1,43,4,1,4,0.3004878843780977),0.0))

23:01:18.340 [LocalJobRunner Map Task Executor #0] INFO  - mapper1 output[ids]:- key: NodeObject(2,1,5,1,35,1,3,19,0.8388753742369075) ---val: List((NodeObject(7,5,13,1,10,0,3,5,0.07014254745794635),0.0), (NodeObject(6,3,19,1,99,4,1,1,0.8144618384339453),0.0), (NodeObject(18,3,14,1,68,1,5,4,0.24798693717137488),0.0), (NodeObject(0,0,11,1,84,4,5,9,0.5827776292984372),0.0), (NodeObject(5,4,11,1,86,0,1,5,0.7994990274174223),0.0), (NodeObject(19,2,0,1,43,4,1,4,0.3004878843780977),0.0))

23:01:18.340 [LocalJobRunner Map Task Executor #0] INFO  - mapper1 output[ids]:- key: NodeObject(1,1,18,1,11,4,6,5,0.2806625912171058) ---val: List((NodeObject(7,5,13,1,10,0,3,5,0.07014254745794635),0.0), (NodeObject(6,3,19,1,99,4,1,1,0.8144618384339453),0.0), (NodeObject(18,3,14,1,68,1,5,4,0.24798693717137488),0.0), (NodeObject(0,0,11,1,84,4,5,9,0.5827776292984372),0.0), (NodeObject(5,4,11,1,86,0,1,5,0.7994990274174223),0.0), (NodeObject(19,2,0,1,43,4,1,4,0.3004878843780977),0.0))

23:01:18.371 [LocalJobRunner Map Task Executor #0] INFO  - mapper1 output[ids]:- key: NodeObject(17,3,4,1,87,0,0,5,0.10701205573724826) ---val: List((NodeObject(15,2,3,1,17,0,4,13,0.6807689182962665),0.0), (NodeObject(13,6,5,1,0,2,0,2,0.654537777056837),0.0), (NodeObject(6,3,19,1,99,4,1,1,0.8144618384339453),0.0), (NodeObject(10,2,9,1,33,1,30,6,0.7496347382387955),0.0), (NodeObject(0,0,11,1,84,4,5,9,0.5827776292984372),0.0), (NodeObject(11,6,6,1,13,4,13,6,0.650083935433136),0.0))

23:01:18.371 [LocalJobRunner Map Task Executor #0] INFO  - mapper1 output[ids]:- key: NodeObject(0,0,11,1,84,4,5,9,0.5827776292984372) ---val: List((NodeObject(15,2,3,1,17,0,4,13,0.6807689182962665),0.0), (NodeObject(13,6,5,1,0,2,0,2,0.654537777056837),0.0), (NodeObject(6,3,19,1,99,4,1,1,0.8144618384339453),0.0), (NodeObject(10,2,9,1,33,1,30,6,0.7496347382387955),0.0), (NodeObject(0,0,11,1,84,4,5,9,0.5827776292984372),1.0), (NodeObject(11,6,6,1,13,4,13,6,0.650083935433136),0.0))

23:01:18.371 [LocalJobRunner Map Task Executor #0] INFO  - mapper1 output[ids]:- key: NodeObject(2,1,5,1,35,1,3,19,0.8388753742369075) ---val: List((NodeObject(15,2,3,1,17,0,4,13,0.6807689182962665),0.0), (NodeObject(13,6,5,1,0,2,0,2,0.654537777056837),0.0), (NodeObject(6,3,19,1,99,4,1,1,0.8144618384339453),0.0), (NodeObject(10,2,9,1,33,1,30,6,0.7496347382387955),0.0), (NodeObject(0,0,11,1,84,4,5,9,0.5827776292984372),0.0), (NodeObject(11,6,6,1,13,4,13,6,0.650083935433136),0.0))

23:01:18.371 [LocalJobRunner Map Task Executor #0] INFO  - mapper1 output[ids]:- key: NodeObject(1,1,18,1,11,4,6,5,0.2806625912171058) ---val: List((NodeObject(15,2,3,1,17,0,4,13,0.6807689182962665),0.0), (NodeObject(13,6,5,1,0,2,0,2,0.654537777056837),0.0), (NodeObject(6,3,19,1,99,4,1,1,0.8144618384339453),0.0), (NodeObject(10,2,9,1,33,1,30,6,0.7496347382387955),0.0), (NodeObject(0,0,11,1,84,4,5,9,0.5827776292984372),0.0), (NodeObject(11,6,6,1,13,4,13,6,0.650083935433136),0.0))

23:01:18.387 [LocalJobRunner Map Task Executor #0] INFO  - mapper1 output[ids]:- key: NodeObject(17,3,4,1,87,0,0,5,0.10701205573724826) ---val: List((NodeObject(15,2,3,1,17,0,4,13,0.6807689182962665),0.0), (NodeObject(12,6,15,1,34,1,1,18,0.1484437255314459),0.0), (NodeObject(0,0,11,1,84,4,5,9,0.5827776292984372),0.0))

23:01:18.387 [LocalJobRunner Map Task Executor #0] INFO  - mapper1 output[ids]:- key: NodeObject(0,0,11,1,84,4,5,9,0.5827776292984372) ---val: List((NodeObject(15,2,3,1,17,0,4,13,0.6807689182962665),0.0), (NodeObject(12,6,15,1,34,1,1,18,0.1484437255314459),0.0), (NodeObject(0,0,11,1,84,4,5,9,0.5827776292984372),1.0))

23:01:18.387 [LocalJobRunner Map Task Executor #0] INFO  - mapper1 output[ids]:- key: NodeObject(2,1,5,1,35,1,3,19,0.8388753742369075) ---val: List((NodeObject(15,2,3,1,17,0,4,13,0.6807689182962665),0.0), (NodeObject(12,6,15,1,34,1,1,18,0.1484437255314459),0.0), (NodeObject(0,0,11,1,84,4,5,9,0.5827776292984372),0.0))

23:01:18.387 [LocalJobRunner Map Task Executor #0] INFO  - mapper1 output[ids]:- key: NodeObject(1,1,18,1,11,4,6,5,0.2806625912171058) ---val: List((NodeObject(15,2,3,1,17,0,4,13,0.6807689182962665),0.0), (NodeObject(12,6,15,1,34,1,1,18,0.1484437255314459),0.0), (NodeObject(0,0,11,1,84,4,5,9,0.5827776292984372),0.0))

23:01:18.419 [LocalJobRunner Map Task Executor #0] INFO  - mapper1 output[ids]:- key: NodeObject(17,3,4,1,87,0,0,5,0.10701205573724826) ---val: List((NodeObject(2,1,5,1,35,1,3,19,0.8388753742369075),0.0), (NodeObject(17,3,4,1,87,0,0,5,0.10701205573724826),1.0), (NodeObject(1,1,18,1,11,4,6,5,0.2806625912171058),0.0), (NodeObject(0,0,11,1,84,4,5,9,0.5827776292984372),0.0))

23:01:18.419 [LocalJobRunner Map Task Executor #0] INFO  - mapper1 output[ids]:- key: NodeObject(0,0,11,1,84,4,5,9,0.5827776292984372) ---val: List((NodeObject(2,1,5,1,35,1,3,19,0.8388753742369075),0.0), (NodeObject(17,3,4,1,87,0,0,5,0.10701205573724826),0.0), (NodeObject(1,1,18,1,11,4,6,5,0.2806625912171058),0.0), (NodeObject(0,0,11,1,84,4,5,9,0.5827776292984372),1.0))

23:01:18.419 [LocalJobRunner Map Task Executor #0] INFO  - mapper1 output[ids]:- key: NodeObject(14,5,19,1,80,3,2,17,0.6498523079692194) ---val: List((NodeObject(2,1,5,1,35,1,3,19,0.8388753742369075),0.0), (NodeObject(17,3,4,1,87,0,0,5,0.10701205573724826),0.0), (NodeObject(1,1,18,1,11,4,6,5,0.2806625912171058),0.0), (NodeObject(0,0,11,1,84,4,5,9,0.5827776292984372),0.0))

23:01:18.419 [LocalJobRunner Map Task Executor #0] INFO  - mapper1 output[ids]:- key: NodeObject(13,6,5,1,0,2,3,2,0.7512178587047972) ---val: List((NodeObject(2,1,5,1,35,1,3,19,0.8388753742369075),0.0), (NodeObject(17,3,4,1,87,0,0,5,0.10701205573724826),0.0), (NodeObject(1,1,18,1,11,4,6,5,0.2806625912171058),0.0), (NodeObject(0,0,11,1,84,4,5,9,0.5827776292984372),0.0))

23:01:18.419 [LocalJobRunner Map Task Executor #0] INFO  - mapper1 output[ids]:- key: NodeObject(20,6,7,1,28,4,0,14,0.0628437209012701) ---val: List((NodeObject(2,1,5,1,35,1,3,19,0.8388753742369075),0.0), (NodeObject(17,3,4,1,87,0,0,5,0.10701205573724826),0.0), (NodeObject(1,1,18,1,11,4,6,5,0.2806625912171058),0.0), (NodeObject(0,0,11,1,84,4,5,9,0.5827776292984372),0.0))

23:01:18.419 [LocalJobRunner Map Task Executor #0] INFO  - mapper1 output[ids]:- key: NodeObject(8,5,6,1,25,3,3,19,0.15238957077919457) ---val: List((NodeObject(2,1,5,1,35,1,3,19,0.8388753742369075),0.0), (NodeObject(17,3,4,1,87,0,0,5,0.10701205573724826),0.0), (NodeObject(1,1,18,1,11,4,6,5,0.2806625912171058),0.0), (NodeObject(0,0,11,1,84,4,5,9,0.5827776292984372),0.0))

23:01:18.419 [LocalJobRunner Map Task Executor #0] INFO  - mapper1 output[ids]:- key: NodeObject(1,1,18,1,11,4,6,5,0.2806625912171058) ---val: List((NodeObject(2,1,5,1,35,1,3,19,0.8388753742369075),1.0), (NodeObject(17,3,4,1,87,0,0,5,0.10701205573724826),0.0), (NodeObject(1,1,18,1,11,4,6,5,0.2806625912171058),1.0), (NodeObject(0,0,11,1,84,4,5,9,0.5827776292984372),0.0))

23:01:18.450 [LocalJobRunner Map Task Executor #0] INFO  - mapper1 output[ids]:- key: NodeObject(17,3,4,1,87,0,0,5,0.10701205573724826) ---val: List((NodeObject(20,6,7,1,28,4,0,14,0.0628437209012701),0.0), (NodeObject(3,1,11,1,37,0,3,10,0.8626833376275964),0.0), (NodeObject(9,3,17,1,34,1,4,5,0.20299478743204047),0.0), (NodeObject(1,1,18,1,11,4,6,5,0.2806625912171058),0.0), (NodeObject(0,0,11,1,84,4,5,9,0.5827776292984372),0.0), (NodeObject(8,5,6,1,25,3,3,19,0.15238957077919457),0.0))

23:01:18.450 [LocalJobRunner Map Task Executor #0] INFO  - mapper1 output[ids]:- key: NodeObject(0,0,11,1,84,4,5,9,0.5827776292984372) ---val: List((NodeObject(20,6,7,1,28,4,0,14,0.0628437209012701),0.0), (NodeObject(3,1,11,1,37,0,3,10,0.8626833376275964),0.0), (NodeObject(9,3,17,1,34,1,4,5,0.20299478743204047),0.0), (NodeObject(1,1,18,1,11,4,6,5,0.2806625912171058),0.0), (NodeObject(0,0,11,1,84,4,5,9,0.5827776292984372),1.0), (NodeObject(8,5,6,1,25,3,3,19,0.15238957077919457),0.0))

23:01:18.450 [LocalJobRunner Map Task Executor #0] INFO  - mapper1 output[ids]:- key: NodeObject(14,5,19,1,80,3,2,17,0.6498523079692194) ---val: List((NodeObject(20,6,7,1,28,4,0,14,0.0628437209012701),0.0), (NodeObject(3,1,11,1,37,0,3,10,0.8626833376275964),0.0), (NodeObject(9,3,17,1,34,1,4,5,0.20299478743204047),0.0), (NodeObject(1,1,18,1,11,4,6,5,0.2806625912171058),0.0), (NodeObject(0,0,11,1,84,4,5,9,0.5827776292984372),0.0), (NodeObject(8,5,6,1,25,3,3,19,0.15238957077919457),0.0))

23:01:18.450 [LocalJobRunner Map Task Executor #0] INFO  - mapper1 output[ids]:- key: NodeObject(13,6,5,1,0,2,3,2,0.7512178587047972) ---val: List((NodeObject(20,6,7,1,28,4,0,14,0.0628437209012701),0.0), (NodeObject(3,1,11,1,37,0,3,10,0.8626833376275964),0.0), (NodeObject(9,3,17,1,34,1,4,5,0.20299478743204047),0.0), (NodeObject(1,1,18,1,11,4,6,5,0.2806625912171058),0.0), (NodeObject(0,0,11,1,84,4,5,9,0.5827776292984372),0.0), (NodeObject(8,5,6,1,25,3,3,19,0.15238957077919457),0.0))

23:01:18.450 [LocalJobRunner Map Task Executor #0] INFO  - mapper1 output[ids]:- key: NodeObject(20,6,7,1,28,4,0,14,0.0628437209012701) ---val: List((NodeObject(20,6,7,1,28,4,0,14,0.0628437209012701),1.0), (NodeObject(3,1,11,1,37,0,3,10,0.8626833376275964),0.0), (NodeObject(9,3,17,1,34,1,4,5,0.20299478743204047),0.0), (NodeObject(1,1,18,1,11,4,6,5,0.2806625912171058),0.0), (NodeObject(0,0,11,1,84,4,5,9,0.5827776292984372),0.0), (NodeObject(8,5,6,1,25,3,3,19,0.15238957077919457),0.0))

23:01:18.450 [LocalJobRunner Map Task Executor #0] INFO  - mapper1 output[ids]:- key: NodeObject(8,5,6,1,25,3,3,19,0.15238957077919457) ---val: List((NodeObject(20,6,7,1,28,4,0,14,0.0628437209012701),0.0), (NodeObject(3,1,11,1,37,0,3,10,0.8626833376275964),0.0), (NodeObject(9,3,17,1,34,1,4,5,0.20299478743204047),0.0), (NodeObject(1,1,18,1,11,4,6,5,0.2806625912171058),0.0), (NodeObject(0,0,11,1,84,4,5,9,0.5827776292984372),0.0), (NodeObject(8,5,6,1,25,3,3,19,0.15238957077919457),1.0))

23:01:18.450 [LocalJobRunner Map Task Executor #0] INFO  - mapper1 output[ids]:- key: NodeObject(1,1,18,1,11,4,6,5,0.2806625912171058) ---val: List((NodeObject(20,6,7,1,28,4,0,14,0.0628437209012701),0.0), (NodeObject(3,1,11,1,37,0,3,10,0.8626833376275964),0.0), (NodeObject(9,3,17,1,34,1,4,5,0.20299478743204047),0.0), (NodeObject(1,1,18,1,11,4,6,5,0.2806625912171058),1.0), (NodeObject(0,0,11,1,84,4,5,9,0.5827776292984372),0.0), (NodeObject(8,5,6,1,25,3,3,19,0.15238957077919457),0.0))

23:01:18.487 [LocalJobRunner Map Task Executor #0] INFO  - mapper1 output[ids]:- key: NodeObject(17,3,4,1,87,0,0,5,0.10701205573724826) ---val: List((NodeObject(4,3,10,1,45,3,4,14,0.6810453271960514),0.0), (NodeObject(21,4,14,1,30,3,3,10,0.05614565169070462),0.0), (NodeObject(9,3,17,1,34,1,4,5,0.20299478743204047),0.0), (NodeObject(18,3,14,1,68,1,5,4,0.24798693717137488),0.0), (NodeObject(0,0,11,1,84,4,5,9,0.5827776292984372),0.0), (NodeObject(16,5,19,1,20,2,3,0,0.14008970054960346),0.0))

23:01:18.487 [LocalJobRunner Map Task Executor #0] INFO  - mapper1 output[ids]:- key: NodeObject(0,0,11,1,84,4,5,9,0.5827776292984372) ---val: List((NodeObject(4,3,10,1,45,3,4,14,0.6810453271960514),0.0), (NodeObject(21,4,14,1,30,3,3,10,0.05614565169070462),0.0), (NodeObject(9,3,17,1,34,1,4,5,0.20299478743204047),0.0), (NodeObject(18,3,14,1,68,1,5,4,0.24798693717137488),0.0), (NodeObject(0,0,11,1,84,4,5,9,0.5827776292984372),1.0), (NodeObject(16,5,19,1,20,2,3,0,0.14008970054960346),0.0))

23:01:18.487 [LocalJobRunner Map Task Executor #0] INFO  - mapper1 output[ids]:- key: NodeObject(14,5,19,1,80,3,2,17,0.6498523079692194) ---val: List((NodeObject(4,3,10,1,45,3,4,14,0.6810453271960514),0.0), (NodeObject(21,4,14,1,30,3,3,10,0.05614565169070462),0.0), (NodeObject(9,3,17,1,34,1,4,5,0.20299478743204047),0.0), (NodeObject(18,3,14,1,68,1,5,4,0.24798693717137488),0.0), (NodeObject(0,0,11,1,84,4,5,9,0.5827776292984372),0.0), (NodeObject(16,5,19,1,20,2,3,0,0.14008970054960346),0.0))

23:01:18.487 [LocalJobRunner Map Task Executor #0] INFO  - mapper1 output[ids]:- key: NodeObject(13,6,5,1,0,2,3,2,0.7512178587047972) ---val: List((NodeObject(4,3,10,1,45,3,4,14,0.6810453271960514),0.0), (NodeObject(21,4,14,1,30,3,3,10,0.05614565169070462),0.0), (NodeObject(9,3,17,1,34,1,4,5,0.20299478743204047),0.0), (NodeObject(18,3,14,1,68,1,5,4,0.24798693717137488),0.0), (NodeObject(0,0,11,1,84,4,5,9,0.5827776292984372),0.0), (NodeObject(16,5,19,1,20,2,3,0,0.14008970054960346),0.0))

23:01:18.487 [LocalJobRunner Map Task Executor #0] INFO  - mapper1 output[ids]:- key: NodeObject(20,6,7,1,28,4,0,14,0.0628437209012701) ---val: List((NodeObject(4,3,10,1,45,3,4,14,0.6810453271960514),0.0), (NodeObject(21,4,14,1,30,3,3,10,0.05614565169070462),0.0), (NodeObject(9,3,17,1,34,1,4,5,0.20299478743204047),0.0), (NodeObject(18,3,14,1,68,1,5,4,0.24798693717137488),0.0), (NodeObject(0,0,11,1,84,4,5,9,0.5827776292984372),0.0), (NodeObject(16,5,19,1,20,2,3,0,0.14008970054960346),0.0))

23:01:18.487 [LocalJobRunner Map Task Executor #0] INFO  - mapper1 output[ids]:- key: NodeObject(8,5,6,1,25,3,3,19,0.15238957077919457) ---val: List((NodeObject(4,3,10,1,45,3,4,14,0.6810453271960514),0.0), (NodeObject(21,4,14,1,30,3,3,10,0.05614565169070462),0.0), (NodeObject(9,3,17,1,34,1,4,5,0.20299478743204047),0.0), (NodeObject(18,3,14,1,68,1,5,4,0.24798693717137488),0.0), (NodeObject(0,0,11,1,84,4,5,9,0.5827776292984372),0.0), (NodeObject(16,5,19,1,20,2,3,0,0.14008970054960346),0.0))

23:01:18.487 [LocalJobRunner Map Task Executor #0] INFO  - mapper1 output[ids]:- key: NodeObject(1,1,18,1,11,4,6,5,0.2806625912171058) ---val: List((NodeObject(4,3,10,1,45,3,4,14,0.6810453271960514),0.0), (NodeObject(21,4,14,1,30,3,3,10,0.05614565169070462),0.0), (NodeObject(9,3,17,1,34,1,4,5,0.20299478743204047),0.0), (NodeObject(18,3,14,1,68,1,5,4,0.24798693717137488),0.0), (NodeObject(0,0,11,1,84,4,5,9,0.5827776292984372),0.0), (NodeObject(16,5,19,1,20,2,3,0,0.14008970054960346),0.0))

23:01:18.513 [LocalJobRunner Map Task Executor #0] INFO  - mapper1 output[ids]:- key: NodeObject(17,3,4,1,87,0,0,5,0.10701205573724826) ---val: List((NodeObject(7,5,13,1,10,0,3,5,0.07014254745794635),0.0), (NodeObject(6,3,19,1,99,4,1,1,0.8144618384339453),0.0), (NodeObject(18,3,14,1,68,1,5,4,0.24798693717137488),0.0), (NodeObject(0,0,11,1,84,4,5,9,0.5827776292984372),0.0), (NodeObject(5,4,11,1,86,0,1,5,0.7994990274174223),0.0), (NodeObject(19,2,0,1,43,4,1,4,0.3004878843780977),0.0))

23:01:18.513 [LocalJobRunner Map Task Executor #0] INFO  - mapper1 output[ids]:- key: NodeObject(0,0,11,1,84,4,5,9,0.5827776292984372) ---val: List((NodeObject(7,5,13,1,10,0,3,5,0.07014254745794635),0.0), (NodeObject(6,3,19,1,99,4,1,1,0.8144618384339453),0.0), (NodeObject(18,3,14,1,68,1,5,4,0.24798693717137488),0.0), (NodeObject(0,0,11,1,84,4,5,9,0.5827776292984372),1.0), (NodeObject(5,4,11,1,86,0,1,5,0.7994990274174223),0.0), (NodeObject(19,2,0,1,43,4,1,4,0.3004878843780977),0.0))

23:01:18.513 [LocalJobRunner Map Task Executor #0] INFO  - mapper1 output[ids]:- key: NodeObject(14,5,19,1,80,3,2,17,0.6498523079692194) ---val: List((NodeObject(7,5,13,1,10,0,3,5,0.07014254745794635),0.0), (NodeObject(6,3,19,1,99,4,1,1,0.8144618384339453),0.0), (NodeObject(18,3,14,1,68,1,5,4,0.24798693717137488),0.0), (NodeObject(0,0,11,1,84,4,5,9,0.5827776292984372),0.0), (NodeObject(5,4,11,1,86,0,1,5,0.7994990274174223),0.0), (NodeObject(19,2,0,1,43,4,1,4,0.3004878843780977),0.0))

23:01:18.513 [LocalJobRunner Map Task Executor #0] INFO  - mapper1 output[ids]:- key: NodeObject(13,6,5,1,0,2,3,2,0.7512178587047972) ---val: List((NodeObject(7,5,13,1,10,0,3,5,0.07014254745794635),0.0), (NodeObject(6,3,19,1,99,4,1,1,0.8144618384339453),0.0), (NodeObject(18,3,14,1,68,1,5,4,0.24798693717137488),0.0), (NodeObject(0,0,11,1,84,4,5,9,0.5827776292984372),0.0), (NodeObject(5,4,11,1,86,0,1,5,0.7994990274174223),0.0), (NodeObject(19,2,0,1,43,4,1,4,0.3004878843780977),0.0))

23:01:18.513 [LocalJobRunner Map Task Executor #0] INFO  - mapper1 output[ids]:- key: NodeObject(20,6,7,1,28,4,0,14,0.0628437209012701) ---val: List((NodeObject(7,5,13,1,10,0,3,5,0.07014254745794635),0.0), (NodeObject(6,3,19,1,99,4,1,1,0.8144618384339453),0.0), (NodeObject(18,3,14,1,68,1,5,4,0.24798693717137488),0.0), (NodeObject(0,0,11,1,84,4,5,9,0.5827776292984372),0.0), (NodeObject(5,4,11,1,86,0,1,5,0.7994990274174223),0.0), (NodeObject(19,2,0,1,43,4,1,4,0.3004878843780977),0.0))

23:01:18.513 [LocalJobRunner Map Task Executor #0] INFO  - mapper1 output[ids]:- key: NodeObject(8,5,6,1,25,3,3,19,0.15238957077919457) ---val: List((NodeObject(7,5,13,1,10,0,3,5,0.07014254745794635),0.0), (NodeObject(6,3,19,1,99,4,1,1,0.8144618384339453),0.0), (NodeObject(18,3,14,1,68,1,5,4,0.24798693717137488),0.0), (NodeObject(0,0,11,1,84,4,5,9,0.5827776292984372),0.0), (NodeObject(5,4,11,1,86,0,1,5,0.7994990274174223),0.0), (NodeObject(19,2,0,1,43,4,1,4,0.3004878843780977),0.0))

23:01:18.513 [LocalJobRunner Map Task Executor #0] INFO  - mapper1 output[ids]:- key: NodeObject(1,1,18,1,11,4,6,5,0.2806625912171058) ---val: List((NodeObject(7,5,13,1,10,0,3,5,0.07014254745794635),0.0), (NodeObject(6,3,19,1,99,4,1,1,0.8144618384339453),0.0), (NodeObject(18,3,14,1,68,1,5,4,0.24798693717137488),0.0), (NodeObject(0,0,11,1,84,4,5,9,0.5827776292984372),0.0), (NodeObject(5,4,11,1,86,0,1,5,0.7994990274174223),0.0), (NodeObject(19,2,0,1,43,4,1,4,0.3004878843780977),0.0))

23:01:18.560 [LocalJobRunner Map Task Executor #0] INFO  - mapper1 output[ids]:- key: NodeObject(17,3,4,1,87,0,0,5,0.10701205573724826) ---val: List((NodeObject(15,2,3,1,17,0,4,13,0.6807689182962665),0.0), (NodeObject(13,6,5,1,0,2,0,2,0.654537777056837),0.0), (NodeObject(6,3,19,1,99,4,1,1,0.8144618384339453),0.0), (NodeObject(10,2,9,1,33,1,30,6,0.7496347382387955),0.0), (NodeObject(0,0,11,1,84,4,5,9,0.5827776292984372),0.0), (NodeObject(11,6,6,1,13,4,13,6,0.650083935433136),0.0))

23:01:18.560 [LocalJobRunner Map Task Executor #0] INFO  - mapper1 output[ids]:- key: NodeObject(0,0,11,1,84,4,5,9,0.5827776292984372) ---val: List((NodeObject(15,2,3,1,17,0,4,13,0.6807689182962665),0.0), (NodeObject(13,6,5,1,0,2,0,2,0.654537777056837),0.0), (NodeObject(6,3,19,1,99,4,1,1,0.8144618384339453),0.0), (NodeObject(10,2,9,1,33,1,30,6,0.7496347382387955),0.0), (NodeObject(0,0,11,1,84,4,5,9,0.5827776292984372),1.0), (NodeObject(11,6,6,1,13,4,13,6,0.650083935433136),0.0))

23:01:18.560 [LocalJobRunner Map Task Executor #0] INFO  - mapper1 output[ids]:- key: NodeObject(14,5,19,1,80,3,2,17,0.6498523079692194) ---val: List((NodeObject(15,2,3,1,17,0,4,13,0.6807689182962665),0.0), (NodeObject(13,6,5,1,0,2,0,2,0.654537777056837),0.0), (NodeObject(6,3,19,1,99,4,1,1,0.8144618384339453),0.0), (NodeObject(10,2,9,1,33,1,30,6,0.7496347382387955),0.0), (NodeObject(0,0,11,1,84,4,5,9,0.5827776292984372),0.0), (NodeObject(11,6,6,1,13,4,13,6,0.650083935433136),0.0))

23:01:18.560 [LocalJobRunner Map Task Executor #0] INFO  - mapper1 output[ids]:- key: NodeObject(13,6,5,1,0,2,3,2,0.7512178587047972) ---val: List((NodeObject(15,2,3,1,17,0,4,13,0.6807689182962665),0.0), (NodeObject(13,6,5,1,0,2,0,2,0.654537777056837),0.0), (NodeObject(6,3,19,1,99,4,1,1,0.8144618384339453),0.0), (NodeObject(10,2,9,1,33,1,30,6,0.7496347382387955),0.0), (NodeObject(0,0,11,1,84,4,5,9,0.5827776292984372),0.0), (NodeObject(11,6,6,1,13,4,13,6,0.650083935433136),0.0))

23:01:18.560 [LocalJobRunner Map Task Executor #0] INFO  - mapper1 output[ids]:- key: NodeObject(20,6,7,1,28,4,0,14,0.0628437209012701) ---val: List((NodeObject(15,2,3,1,17,0,4,13,0.6807689182962665),0.0), (NodeObject(13,6,5,1,0,2,0,2,0.654537777056837),0.0), (NodeObject(6,3,19,1,99,4,1,1,0.8144618384339453),0.0), (NodeObject(10,2,9,1,33,1,30,6,0.7496347382387955),0.0), (NodeObject(0,0,11,1,84,4,5,9,0.5827776292984372),0.0), (NodeObject(11,6,6,1,13,4,13,6,0.650083935433136),0.0))

23:01:18.560 [LocalJobRunner Map Task Executor #0] INFO  - mapper1 output[ids]:- key: NodeObject(8,5,6,1,25,3,3,19,0.15238957077919457) ---val: List((NodeObject(15,2,3,1,17,0,4,13,0.6807689182962665),0.0), (NodeObject(13,6,5,1,0,2,0,2,0.654537777056837),0.0), (NodeObject(6,3,19,1,99,4,1,1,0.8144618384339453),0.0), (NodeObject(10,2,9,1,33,1,30,6,0.7496347382387955),0.0), (NodeObject(0,0,11,1,84,4,5,9,0.5827776292984372),0.0), (NodeObject(11,6,6,1,13,4,13,6,0.650083935433136),0.0))

23:01:18.560 [LocalJobRunner Map Task Executor #0] INFO  - mapper1 output[ids]:- key: NodeObject(1,1,18,1,11,4,6,5,0.2806625912171058) ---val: List((NodeObject(15,2,3,1,17,0,4,13,0.6807689182962665),0.0), (NodeObject(13,6,5,1,0,2,0,2,0.654537777056837),0.0), (NodeObject(6,3,19,1,99,4,1,1,0.8144618384339453),0.0), (NodeObject(10,2,9,1,33,1,30,6,0.7496347382387955),0.0), (NodeObject(0,0,11,1,84,4,5,9,0.5827776292984372),0.0), (NodeObject(11,6,6,1,13,4,13,6,0.650083935433136),0.0))

23:01:18.576 [LocalJobRunner Map Task Executor #0] INFO  - mapper1 output[ids]:- key: NodeObject(17,3,4,1,87,0,0,5,0.10701205573724826) ---val: List((NodeObject(15,2,3,1,17,0,4,13,0.6807689182962665),0.0), (NodeObject(12,6,15,1,34,1,1,18,0.1484437255314459),0.0), (NodeObject(0,0,11,1,84,4,5,9,0.5827776292984372),0.0))

23:01:18.576 [LocalJobRunner Map Task Executor #0] INFO  - mapper1 output[ids]:- key: NodeObject(0,0,11,1,84,4,5,9,0.5827776292984372) ---val: List((NodeObject(15,2,3,1,17,0,4,13,0.6807689182962665),0.0), (NodeObject(12,6,15,1,34,1,1,18,0.1484437255314459),0.0), (NodeObject(0,0,11,1,84,4,5,9,0.5827776292984372),1.0))

23:01:18.576 [LocalJobRunner Map Task Executor #0] INFO  - mapper1 output[ids]:- key: NodeObject(14,5,19,1,80,3,2,17,0.6498523079692194) ---val: List((NodeObject(15,2,3,1,17,0,4,13,0.6807689182962665),0.0), (NodeObject(12,6,15,1,34,1,1,18,0.1484437255314459),0.0), (NodeObject(0,0,11,1,84,4,5,9,0.5827776292984372),0.0))

23:01:18.576 [LocalJobRunner Map Task Executor #0] INFO  - mapper1 output[ids]:- key: NodeObject(13,6,5,1,0,2,3,2,0.7512178587047972) ---val: List((NodeObject(15,2,3,1,17,0,4,13,0.6807689182962665),0.0), (NodeObject(12,6,15,1,34,1,1,18,0.1484437255314459),0.0), (NodeObject(0,0,11,1,84,4,5,9,0.5827776292984372),0.0))

23:01:18.576 [LocalJobRunner Map Task Executor #0] INFO  - mapper1 output[ids]:- key: NodeObject(20,6,7,1,28,4,0,14,0.0628437209012701) ---val: List((NodeObject(15,2,3,1,17,0,4,13,0.6807689182962665),0.0), (NodeObject(12,6,15,1,34,1,1,18,0.1484437255314459),0.0), (NodeObject(0,0,11,1,84,4,5,9,0.5827776292984372),0.0))

23:01:18.576 [LocalJobRunner Map Task Executor #0] INFO  - mapper1 output[ids]:- key: NodeObject(8,5,6,1,25,3,3,19,0.15238957077919457) ---val: List((NodeObject(15,2,3,1,17,0,4,13,0.6807689182962665),0.0), (NodeObject(12,6,15,1,34,1,1,18,0.1484437255314459),0.0), (NodeObject(0,0,11,1,84,4,5,9,0.5827776292984372),0.0))

23:01:18.576 [LocalJobRunner Map Task Executor #0] INFO  - mapper1 output[ids]:- key: NodeObject(1,1,18,1,11,4,6,5,0.2806625912171058) ---val: List((NodeObject(15,2,3,1,17,0,4,13,0.6807689182962665),0.0), (NodeObject(12,6,15,1,34,1,1,18,0.1484437255314459),0.0), (NodeObject(0,0,11,1,84,4,5,9,0.5827776292984372),0.0))

23:01:18.592 [LocalJobRunner Map Task Executor #0] INFO  - mapper1 output[ids]:- key: NodeObject(9,3,17,1,34,1,4,5,0.20299478743204047) ---val: List((NodeObject(2,1,5,1,35,1,3,19,0.8388753742369075),0.0), (NodeObject(17,3,4,1,87,0,0,5,0.10701205573724826),0.0), (NodeObject(1,1,18,1,11,4,6,5,0.2806625912171058),0.0), (NodeObject(0,0,11,1,84,4,5,9,0.5827776292984372),0.0))

23:01:18.592 [LocalJobRunner Map Task Executor #0] INFO  - mapper1 output[ids]:- key: NodeObject(0,0,11,1,84,4,5,9,0.5827776292984372) ---val: List((NodeObject(2,1,5,1,35,1,3,19,0.8388753742369075),0.0), (NodeObject(17,3,4,1,87,0,0,5,0.10701205573724826),0.0), (NodeObject(1,1,18,1,11,4,6,5,0.2806625912171058),0.0), (NodeObject(0,0,11,1,84,4,5,9,0.5827776292984372),1.0))

23:01:18.592 [LocalJobRunner Map Task Executor #0] INFO  - mapper1 output[ids]:- key: NodeObject(13,6,5,1,0,2,3,2,0.7512178587047972) ---val: List((NodeObject(2,1,5,1,35,1,3,19,0.8388753742369075),0.0), (NodeObject(17,3,4,1,87,0,0,5,0.10701205573724826),0.0), (NodeObject(1,1,18,1,11,4,6,5,0.2806625912171058),0.0), (NodeObject(0,0,11,1,84,4,5,9,0.5827776292984372),0.0))

23:01:18.592 [LocalJobRunner Map Task Executor #0] INFO  - mapper1 output[ids]:- key: NodeObject(10,2,9,1,86,1,3,6,0.40733381884581055) ---val: List((NodeObject(2,1,5,1,35,1,3,19,0.8388753742369075),0.0), (NodeObject(17,3,4,1,87,0,0,5,0.10701205573724826),0.0), (NodeObject(1,1,18,1,11,4,6,5,0.2806625912171058),0.0), (NodeObject(0,0,11,1,84,4,5,9,0.5827776292984372),0.0))

23:01:18.592 [LocalJobRunner Map Task Executor #0] INFO  - mapper1 output[ids]:- key: NodeObject(15,2,3,1,17,0,4,13,0.6807689182962665) ---val: List((NodeObject(2,1,5,1,35,1,3,19,0.8388753742369075),0.0), (NodeObject(17,3,4,1,87,0,0,5,0.10701205573724826),0.0), (NodeObject(1,1,18,1,11,4,6,5,0.2806625912171058),0.0), (NodeObject(0,0,11,1,84,4,5,9,0.5827776292984372),0.0))

23:01:18.592 [LocalJobRunner Map Task Executor #0] INFO  - mapper1 output[ids]:- key: NodeObject(8,5,6,1,25,3,3,19,0.15238957077919457) ---val: List((NodeObject(2,1,5,1,35,1,3,19,0.8388753742369075),0.0), (NodeObject(17,3,4,1,87,0,0,5,0.10701205573724826),0.0), (NodeObject(1,1,18,1,11,4,6,5,0.2806625912171058),0.0), (NodeObject(0,0,11,1,84,4,5,9,0.5827776292984372),0.0))

23:01:18.592 [LocalJobRunner Map Task Executor #0] INFO  - mapper1 output[ids]:- key: NodeObject(3,1,11,1,37,0,3,10,0.8626833376275964) ---val: List((NodeObject(2,1,5,1,35,1,3,19,0.8388753742369075),0.0), (NodeObject(17,3,4,1,87,0,0,5,0.10701205573724826),0.0), (NodeObject(1,1,18,1,11,4,6,5,0.2806625912171058),0.0), (NodeObject(0,0,11,1,84,4,5,9,0.5827776292984372),0.0))

23:01:18.623 [LocalJobRunner Map Task Executor #0] INFO  - mapper1 output[ids]:- key: NodeObject(9,3,17,1,34,1,4,5,0.20299478743204047) ---val: List((NodeObject(20,6,7,1,28,4,0,14,0.0628437209012701),0.0), (NodeObject(3,1,11,1,37,0,3,10,0.8626833376275964),0.0), (NodeObject(9,3,17,1,34,1,4,5,0.20299478743204047),1.0), (NodeObject(1,1,18,1,11,4,6,5,0.2806625912171058),0.0), (NodeObject(0,0,11,1,84,4,5,9,0.5827776292984372),0.0), (NodeObject(8,5,6,1,25,3,3,19,0.15238957077919457),0.0))

23:01:18.623 [LocalJobRunner Map Task Executor #0] INFO  - mapper1 output[ids]:- key: NodeObject(0,0,11,1,84,4,5,9,0.5827776292984372) ---val: List((NodeObject(20,6,7,1,28,4,0,14,0.0628437209012701),0.0), (NodeObject(3,1,11,1,37,0,3,10,0.8626833376275964),0.0), (NodeObject(9,3,17,1,34,1,4,5,0.20299478743204047),0.0), (NodeObject(1,1,18,1,11,4,6,5,0.2806625912171058),0.0), (NodeObject(0,0,11,1,84,4,5,9,0.5827776292984372),1.0), (NodeObject(8,5,6,1,25,3,3,19,0.15238957077919457),0.0))

23:01:18.623 [LocalJobRunner Map Task Executor #0] INFO  - mapper1 output[ids]:- key: NodeObject(13,6,5,1,0,2,3,2,0.7512178587047972) ---val: List((NodeObject(20,6,7,1,28,4,0,14,0.0628437209012701),0.0), (NodeObject(3,1,11,1,37,0,3,10,0.8626833376275964),0.0), (NodeObject(9,3,17,1,34,1,4,5,0.20299478743204047),0.0), (NodeObject(1,1,18,1,11,4,6,5,0.2806625912171058),0.0), (NodeObject(0,0,11,1,84,4,5,9,0.5827776292984372),0.0), (NodeObject(8,5,6,1,25,3,3,19,0.15238957077919457),0.0))

23:01:18.623 [LocalJobRunner Map Task Executor #0] INFO  - mapper1 output[ids]:- key: NodeObject(10,2,9,1,86,1,3,6,0.40733381884581055) ---val: List((NodeObject(20,6,7,1,28,4,0,14,0.0628437209012701),0.0), (NodeObject(3,1,11,1,37,0,3,10,0.8626833376275964),0.0), (NodeObject(9,3,17,1,34,1,4,5,0.20299478743204047),0.0), (NodeObject(1,1,18,1,11,4,6,5,0.2806625912171058),0.0), (NodeObject(0,0,11,1,84,4,5,9,0.5827776292984372),0.0), (NodeObject(8,5,6,1,25,3,3,19,0.15238957077919457),0.0))

23:01:18.623 [LocalJobRunner Map Task Executor #0] INFO  - mapper1 output[ids]:- key: NodeObject(15,2,3,1,17,0,4,13,0.6807689182962665) ---val: List((NodeObject(20,6,7,1,28,4,0,14,0.0628437209012701),0.0), (NodeObject(3,1,11,1,37,0,3,10,0.8626833376275964),0.0), (NodeObject(9,3,17,1,34,1,4,5,0.20299478743204047),0.0), (NodeObject(1,1,18,1,11,4,6,5,0.2806625912171058),0.0), (NodeObject(0,0,11,1,84,4,5,9,0.5827776292984372),0.0), (NodeObject(8,5,6,1,25,3,3,19,0.15238957077919457),0.0))

23:01:18.623 [LocalJobRunner Map Task Executor #0] INFO  - mapper1 output[ids]:- key: NodeObject(8,5,6,1,25,3,3,19,0.15238957077919457) ---val: List((NodeObject(20,6,7,1,28,4,0,14,0.0628437209012701),0.0), (NodeObject(3,1,11,1,37,0,3,10,0.8626833376275964),0.0), (NodeObject(9,3,17,1,34,1,4,5,0.20299478743204047),0.0), (NodeObject(1,1,18,1,11,4,6,5,0.2806625912171058),0.0), (NodeObject(0,0,11,1,84,4,5,9,0.5827776292984372),0.0), (NodeObject(8,5,6,1,25,3,3,19,0.15238957077919457),1.0))

23:01:18.623 [LocalJobRunner Map Task Executor #0] INFO  - mapper1 output[ids]:- key: NodeObject(3,1,11,1,37,0,3,10,0.8626833376275964) ---val: List((NodeObject(20,6,7,1,28,4,0,14,0.0628437209012701),0.0), (NodeObject(3,1,11,1,37,0,3,10,0.8626833376275964),1.0), (NodeObject(9,3,17,1,34,1,4,5,0.20299478743204047),0.0), (NodeObject(1,1,18,1,11,4,6,5,0.2806625912171058),0.0), (NodeObject(0,0,11,1,84,4,5,9,0.5827776292984372),0.0), (NodeObject(8,5,6,1,25,3,3,19,0.15238957077919457),0.0))

23:01:18.654 [LocalJobRunner Map Task Executor #0] INFO  - mapper1 output[ids]:- key: NodeObject(9,3,17,1,34,1,4,5,0.20299478743204047) ---val: List((NodeObject(4,3,10,1,45,3,4,14,0.6810453271960514),0.0), (NodeObject(21,4,14,1,30,3,3,10,0.05614565169070462),0.0), (NodeObject(9,3,17,1,34,1,4,5,0.20299478743204047),1.0), (NodeObject(18,3,14,1,68,1,5,4,0.24798693717137488),0.0), (NodeObject(0,0,11,1,84,4,5,9,0.5827776292984372),0.0), (NodeObject(16,5,19,1,20,2,3,0,0.14008970054960346),0.0))

23:01:18.654 [LocalJobRunner Map Task Executor #0] INFO  - mapper1 output[ids]:- key: NodeObject(0,0,11,1,84,4,5,9,0.5827776292984372) ---val: List((NodeObject(4,3,10,1,45,3,4,14,0.6810453271960514),0.0), (NodeObject(21,4,14,1,30,3,3,10,0.05614565169070462),0.0), (NodeObject(9,3,17,1,34,1,4,5,0.20299478743204047),0.0), (NodeObject(18,3,14,1,68,1,5,4,0.24798693717137488),0.0), (NodeObject(0,0,11,1,84,4,5,9,0.5827776292984372),1.0), (NodeObject(16,5,19,1,20,2,3,0,0.14008970054960346),0.0))

23:01:18.654 [LocalJobRunner Map Task Executor #0] INFO  - mapper1 output[ids]:- key: NodeObject(13,6,5,1,0,2,3,2,0.7512178587047972) ---val: List((NodeObject(4,3,10,1,45,3,4,14,0.6810453271960514),0.0), (NodeObject(21,4,14,1,30,3,3,10,0.05614565169070462),0.0), (NodeObject(9,3,17,1,34,1,4,5,0.20299478743204047),0.0), (NodeObject(18,3,14,1,68,1,5,4,0.24798693717137488),0.0), (NodeObject(0,0,11,1,84,4,5,9,0.5827776292984372),0.0), (NodeObject(16,5,19,1,20,2,3,0,0.14008970054960346),0.0))

23:01:18.654 [LocalJobRunner Map Task Executor #0] INFO  - mapper1 output[ids]:- key: NodeObject(10,2,9,1,86,1,3,6,0.40733381884581055) ---val: List((NodeObject(4,3,10,1,45,3,4,14,0.6810453271960514),0.0), (NodeObject(21,4,14,1,30,3,3,10,0.05614565169070462),0.0), (NodeObject(9,3,17,1,34,1,4,5,0.20299478743204047),0.0), (NodeObject(18,3,14,1,68,1,5,4,0.24798693717137488),0.0), (NodeObject(0,0,11,1,84,4,5,9,0.5827776292984372),0.0), (NodeObject(16,5,19,1,20,2,3,0,0.14008970054960346),0.0))

23:01:18.654 [LocalJobRunner Map Task Executor #0] INFO  - mapper1 output[ids]:- key: NodeObject(15,2,3,1,17,0,4,13,0.6807689182962665) ---val: List((NodeObject(4,3,10,1,45,3,4,14,0.6810453271960514),0.0), (NodeObject(21,4,14,1,30,3,3,10,0.05614565169070462),0.0), (NodeObject(9,3,17,1,34,1,4,5,0.20299478743204047),0.0), (NodeObject(18,3,14,1,68,1,5,4,0.24798693717137488),0.0), (NodeObject(0,0,11,1,84,4,5,9,0.5827776292984372),0.0), (NodeObject(16,5,19,1,20,2,3,0,0.14008970054960346),0.0))

23:01:18.654 [LocalJobRunner Map Task Executor #0] INFO  - mapper1 output[ids]:- key: NodeObject(8,5,6,1,25,3,3,19,0.15238957077919457) ---val: List((NodeObject(4,3,10,1,45,3,4,14,0.6810453271960514),0.0), (NodeObject(21,4,14,1,30,3,3,10,0.05614565169070462),0.0), (NodeObject(9,3,17,1,34,1,4,5,0.20299478743204047),0.0), (NodeObject(18,3,14,1,68,1,5,4,0.24798693717137488),0.0), (NodeObject(0,0,11,1,84,4,5,9,0.5827776292984372),0.0), (NodeObject(16,5,19,1,20,2,3,0,0.14008970054960346),0.0))

23:01:18.654 [LocalJobRunner Map Task Executor #0] INFO  - mapper1 output[ids]:- key: NodeObject(3,1,11,1,37,0,3,10,0.8626833376275964) ---val: List((NodeObject(4,3,10,1,45,3,4,14,0.6810453271960514),0.0), (NodeObject(21,4,14,1,30,3,3,10,0.05614565169070462),0.0), (NodeObject(9,3,17,1,34,1,4,5,0.20299478743204047),0.0), (NodeObject(18,3,14,1,68,1,5,4,0.24798693717137488),0.0), (NodeObject(0,0,11,1,84,4,5,9,0.5827776292984372),0.0), (NodeObject(16,5,19,1,20,2,3,0,0.14008970054960346),0.0))

23:01:18.670 [LocalJobRunner Map Task Executor #0] INFO  - mapper1 output[ids]:- key: NodeObject(9,3,17,1,34,1,4,5,0.20299478743204047) ---val: List((NodeObject(7,5,13,1,10,0,3,5,0.07014254745794635),0.0), (NodeObject(6,3,19,1,99,4,1,1,0.8144618384339453),0.0), (NodeObject(18,3,14,1,68,1,5,4,0.24798693717137488),0.0), (NodeObject(0,0,11,1,84,4,5,9,0.5827776292984372),0.0), (NodeObject(5,4,11,1,86,0,1,5,0.7994990274174223),0.0), (NodeObject(19,2,0,1,43,4,1,4,0.3004878843780977),0.0))

23:01:18.670 [LocalJobRunner Map Task Executor #0] INFO  - mapper1 output[ids]:- key: NodeObject(0,0,11,1,84,4,5,9,0.5827776292984372) ---val: List((NodeObject(7,5,13,1,10,0,3,5,0.07014254745794635),0.0), (NodeObject(6,3,19,1,99,4,1,1,0.8144618384339453),0.0), (NodeObject(18,3,14,1,68,1,5,4,0.24798693717137488),0.0), (NodeObject(0,0,11,1,84,4,5,9,0.5827776292984372),1.0), (NodeObject(5,4,11,1,86,0,1,5,0.7994990274174223),0.0), (NodeObject(19,2,0,1,43,4,1,4,0.3004878843780977),0.0))

23:01:18.670 [LocalJobRunner Map Task Executor #0] INFO  - mapper1 output[ids]:- key: NodeObject(13,6,5,1,0,2,3,2,0.7512178587047972) ---val: List((NodeObject(7,5,13,1,10,0,3,5,0.07014254745794635),0.0), (NodeObject(6,3,19,1,99,4,1,1,0.8144618384339453),0.0), (NodeObject(18,3,14,1,68,1,5,4,0.24798693717137488),0.0), (NodeObject(0,0,11,1,84,4,5,9,0.5827776292984372),0.0), (NodeObject(5,4,11,1,86,0,1,5,0.7994990274174223),0.0), (NodeObject(19,2,0,1,43,4,1,4,0.3004878843780977),0.0))

23:01:18.670 [LocalJobRunner Map Task Executor #0] INFO  - mapper1 output[ids]:- key: NodeObject(10,2,9,1,86,1,3,6,0.40733381884581055) ---val: List((NodeObject(7,5,13,1,10,0,3,5,0.07014254745794635),0.0), (NodeObject(6,3,19,1,99,4,1,1,0.8144618384339453),0.0), (NodeObject(18,3,14,1,68,1,5,4,0.24798693717137488),0.0), (NodeObject(0,0,11,1,84,4,5,9,0.5827776292984372),0.0), (NodeObject(5,4,11,1,86,0,1,5,0.7994990274174223),0.0), (NodeObject(19,2,0,1,43,4,1,4,0.3004878843780977),0.0))

23:01:18.670 [LocalJobRunner Map Task Executor #0] INFO  - mapper1 output[ids]:- key: NodeObject(15,2,3,1,17,0,4,13,0.6807689182962665) ---val: List((NodeObject(7,5,13,1,10,0,3,5,0.07014254745794635),0.0), (NodeObject(6,3,19,1,99,4,1,1,0.8144618384339453),0.0), (NodeObject(18,3,14,1,68,1,5,4,0.24798693717137488),0.0), (NodeObject(0,0,11,1,84,4,5,9,0.5827776292984372),0.0), (NodeObject(5,4,11,1,86,0,1,5,0.7994990274174223),0.0), (NodeObject(19,2,0,1,43,4,1,4,0.3004878843780977),0.0))

23:01:18.670 [LocalJobRunner Map Task Executor #0] INFO  - mapper1 output[ids]:- key: NodeObject(8,5,6,1,25,3,3,19,0.15238957077919457) ---val: List((NodeObject(7,5,13,1,10,0,3,5,0.07014254745794635),0.0), (NodeObject(6,3,19,1,99,4,1,1,0.8144618384339453),0.0), (NodeObject(18,3,14,1,68,1,5,4,0.24798693717137488),0.0), (NodeObject(0,0,11,1,84,4,5,9,0.5827776292984372),0.0), (NodeObject(5,4,11,1,86,0,1,5,0.7994990274174223),0.0), (NodeObject(19,2,0,1,43,4,1,4,0.3004878843780977),0.0))

23:01:18.670 [LocalJobRunner Map Task Executor #0] INFO  - mapper1 output[ids]:- key: NodeObject(3,1,11,1,37,0,3,10,0.8626833376275964) ---val: List((NodeObject(7,5,13,1,10,0,3,5,0.07014254745794635),0.0), (NodeObject(6,3,19,1,99,4,1,1,0.8144618384339453),0.0), (NodeObject(18,3,14,1,68,1,5,4,0.24798693717137488),0.0), (NodeObject(0,0,11,1,84,4,5,9,0.5827776292984372),0.0), (NodeObject(5,4,11,1,86,0,1,5,0.7994990274174223),0.0), (NodeObject(19,2,0,1,43,4,1,4,0.3004878843780977),0.0))

23:01:18.701 [LocalJobRunner Map Task Executor #0] INFO  - mapper1 output[ids]:- key: NodeObject(9,3,17,1,34,1,4,5,0.20299478743204047) ---val: List((NodeObject(15,2,3,1,17,0,4,13,0.6807689182962665),0.0), (NodeObject(13,6,5,1,0,2,0,2,0.654537777056837),0.0), (NodeObject(6,3,19,1,99,4,1,1,0.8144618384339453),0.0), (NodeObject(10,2,9,1,33,1,30,6,0.7496347382387955),0.0), (NodeObject(0,0,11,1,84,4,5,9,0.5827776292984372),0.0), (NodeObject(11,6,6,1,13,4,13,6,0.650083935433136),0.0))

23:01:18.701 [LocalJobRunner Map Task Executor #0] INFO  - mapper1 output[ids]:- key: NodeObject(0,0,11,1,84,4,5,9,0.5827776292984372) ---val: List((NodeObject(15,2,3,1,17,0,4,13,0.6807689182962665),0.0), (NodeObject(13,6,5,1,0,2,0,2,0.654537777056837),0.0), (NodeObject(6,3,19,1,99,4,1,1,0.8144618384339453),0.0), (NodeObject(10,2,9,1,33,1,30,6,0.7496347382387955),0.0), (NodeObject(0,0,11,1,84,4,5,9,0.5827776292984372),1.0), (NodeObject(11,6,6,1,13,4,13,6,0.650083935433136),0.0))

23:01:18.701 [LocalJobRunner Map Task Executor #0] INFO  - mapper1 output[ids]:- key: NodeObject(13,6,5,1,0,2,3,2,0.7512178587047972) ---val: List((NodeObject(15,2,3,1,17,0,4,13,0.6807689182962665),0.0), (NodeObject(13,6,5,1,0,2,0,2,0.654537777056837),0.0), (NodeObject(6,3,19,1,99,4,1,1,0.8144618384339453),0.0), (NodeObject(10,2,9,1,33,1,30,6,0.7496347382387955),0.0), (NodeObject(0,0,11,1,84,4,5,9,0.5827776292984372),0.0), (NodeObject(11,6,6,1,13,4,13,6,0.650083935433136),0.0))

23:01:18.701 [LocalJobRunner Map Task Executor #0] INFO  - mapper1 output[ids]:- key: NodeObject(10,2,9,1,86,1,3,6,0.40733381884581055) ---val: List((NodeObject(15,2,3,1,17,0,4,13,0.6807689182962665),0.0), (NodeObject(13,6,5,1,0,2,0,2,0.654537777056837),0.0), (NodeObject(6,3,19,1,99,4,1,1,0.8144618384339453),0.0), (NodeObject(10,2,9,1,33,1,30,6,0.7496347382387955),0.0), (NodeObject(0,0,11,1,84,4,5,9,0.5827776292984372),0.0), (NodeObject(11,6,6,1,13,4,13,6,0.650083935433136),0.0))

23:01:18.701 [LocalJobRunner Map Task Executor #0] INFO  - mapper1 output[ids]:- key: NodeObject(15,2,3,1,17,0,4,13,0.6807689182962665) ---val: List((NodeObject(15,2,3,1,17,0,4,13,0.6807689182962665),1.0), (NodeObject(13,6,5,1,0,2,0,2,0.654537777056837),0.0), (NodeObject(6,3,19,1,99,4,1,1,0.8144618384339453),0.0), (NodeObject(10,2,9,1,33,1,30,6,0.7496347382387955),0.0), (NodeObject(0,0,11,1,84,4,5,9,0.5827776292984372),0.0), (NodeObject(11,6,6,1,13,4,13,6,0.650083935433136),0.0))

23:01:18.701 [LocalJobRunner Map Task Executor #0] INFO  - mapper1 output[ids]:- key: NodeObject(8,5,6,1,25,3,3,19,0.15238957077919457) ---val: List((NodeObject(15,2,3,1,17,0,4,13,0.6807689182962665),0.0), (NodeObject(13,6,5,1,0,2,0,2,0.654537777056837),0.0), (NodeObject(6,3,19,1,99,4,1,1,0.8144618384339453),0.0), (NodeObject(10,2,9,1,33,1,30,6,0.7496347382387955),0.0), (NodeObject(0,0,11,1,84,4,5,9,0.5827776292984372),0.0), (NodeObject(11,6,6,1,13,4,13,6,0.650083935433136),0.0))

23:01:18.701 [LocalJobRunner Map Task Executor #0] INFO  - mapper1 output[ids]:- key: NodeObject(3,1,11,1,37,0,3,10,0.8626833376275964) ---val: List((NodeObject(15,2,3,1,17,0,4,13,0.6807689182962665),0.0), (NodeObject(13,6,5,1,0,2,0,2,0.654537777056837),0.0), (NodeObject(6,3,19,1,99,4,1,1,0.8144618384339453),0.0), (NodeObject(10,2,9,1,33,1,30,6,0.7496347382387955),0.0), (NodeObject(0,0,11,1,84,4,5,9,0.5827776292984372),0.0), (NodeObject(11,6,6,1,13,4,13,6,0.650083935433136),0.0))

23:01:18.717 [LocalJobRunner Map Task Executor #0] INFO  - mapper1 output[ids]:- key: NodeObject(9,3,17,1,34,1,4,5,0.20299478743204047) ---val: List((NodeObject(15,2,3,1,17,0,4,13,0.6807689182962665),0.0), (NodeObject(12,6,15,1,34,1,1,18,0.1484437255314459),0.0), (NodeObject(0,0,11,1,84,4,5,9,0.5827776292984372),0.0))

23:01:18.717 [LocalJobRunner Map Task Executor #0] INFO  - mapper1 output[ids]:- key: NodeObject(0,0,11,1,84,4,5,9,0.5827776292984372) ---val: List((NodeObject(15,2,3,1,17,0,4,13,0.6807689182962665),0.0), (NodeObject(12,6,15,1,34,1,1,18,0.1484437255314459),0.0), (NodeObject(0,0,11,1,84,4,5,9,0.5827776292984372),1.0))

23:01:18.717 [LocalJobRunner Map Task Executor #0] INFO  - mapper1 output[ids]:- key: NodeObject(13,6,5,1,0,2,3,2,0.7512178587047972) ---val: List((NodeObject(15,2,3,1,17,0,4,13,0.6807689182962665),0.0), (NodeObject(12,6,15,1,34,1,1,18,0.1484437255314459),0.0), (NodeObject(0,0,11,1,84,4,5,9,0.5827776292984372),0.0))

23:01:18.717 [LocalJobRunner Map Task Executor #0] INFO  - mapper1 output[ids]:- key: NodeObject(10,2,9,1,86,1,3,6,0.40733381884581055) ---val: List((NodeObject(15,2,3,1,17,0,4,13,0.6807689182962665),0.0), (NodeObject(12,6,15,1,34,1,1,18,0.1484437255314459),0.0), (NodeObject(0,0,11,1,84,4,5,9,0.5827776292984372),0.0))

23:01:18.717 [LocalJobRunner Map Task Executor #0] INFO  - mapper1 output[ids]:- key: NodeObject(15,2,3,1,17,0,4,13,0.6807689182962665) ---val: List((NodeObject(15,2,3,1,17,0,4,13,0.6807689182962665),1.0), (NodeObject(12,6,15,1,34,1,1,18,0.1484437255314459),0.0), (NodeObject(0,0,11,1,84,4,5,9,0.5827776292984372),0.0))

23:01:18.717 [LocalJobRunner Map Task Executor #0] INFO  - mapper1 output[ids]:- key: NodeObject(8,5,6,1,25,3,3,19,0.15238957077919457) ---val: List((NodeObject(15,2,3,1,17,0,4,13,0.6807689182962665),0.0), (NodeObject(12,6,15,1,34,1,1,18,0.1484437255314459),0.0), (NodeObject(0,0,11,1,84,4,5,9,0.5827776292984372),0.0))

23:01:18.717 [LocalJobRunner Map Task Executor #0] INFO  - mapper1 output[ids]:- key: NodeObject(3,1,11,1,37,0,3,10,0.8626833376275964) ---val: List((NodeObject(15,2,3,1,17,0,4,13,0.6807689182962665),0.0), (NodeObject(12,6,15,1,34,1,1,18,0.1484437255314459),0.0), (NodeObject(0,0,11,1,84,4,5,9,0.5827776292984372),0.0))

23:01:18.717 [LocalJobRunner Map Task Executor #0] INFO  - mapper1 output[ids]:- key: NodeObject(0,0,11,1,84,4,5,9,0.5827776292984372) ---val: List((NodeObject(2,1,5,1,35,1,3,19,0.8388753742369075),0.0), (NodeObject(17,3,4,1,87,0,0,5,0.10701205573724826),0.0), (NodeObject(1,1,18,1,11,4,6,5,0.2806625912171058),0.0), (NodeObject(0,0,11,1,84,4,5,9,0.5827776292984372),1.0))

23:01:18.717 [LocalJobRunner Map Task Executor #0] INFO  - mapper1 output[ids]:- key: NodeObject(15,2,3,1,17,0,4,13,0.6807689182962665) ---val: List((NodeObject(2,1,5,1,35,1,3,19,0.8388753742369075),0.0), (NodeObject(17,3,4,1,87,0,0,5,0.10701205573724826),0.0), (NodeObject(1,1,18,1,11,4,6,5,0.2806625912171058),0.0), (NodeObject(0,0,11,1,84,4,5,9,0.5827776292984372),0.0))

23:01:18.717 [LocalJobRunner Map Task Executor #0] INFO  - mapper1 output[ids]:- key: NodeObject(12,6,15,1,34,1,1,18,0.1484437255314459) ---val: List((NodeObject(2,1,5,1,35,1,3,19,0.8388753742369075),0.0), (NodeObject(17,3,4,1,87,0,0,5,0.10701205573724826),0.0), (NodeObject(1,1,18,1,11,4,6,5,0.2806625912171058),0.0), (NodeObject(0,0,11,1,84,4,5,9,0.5827776292984372),0.0))

23:01:18.717 [LocalJobRunner Map Task Executor #0] INFO  - mapper1 output[ids]:- key: NodeObject(9,3,17,1,34,1,4,5,0.20299478743204047) ---val: List((NodeObject(2,1,5,1,35,1,3,19,0.8388753742369075),0.0), (NodeObject(17,3,4,1,87,0,0,5,0.10701205573724826),0.0), (NodeObject(1,1,18,1,11,4,6,5,0.2806625912171058),0.0), (NodeObject(0,0,11,1,84,4,5,9,0.5827776292984372),0.0))

23:01:18.717 [LocalJobRunner Map Task Executor #0] INFO  - mapper1 output[ids]:- key: NodeObject(4,3,10,1,45,3,4,14,0.6810453271960514) ---val: List((NodeObject(2,1,5,1,35,1,3,19,0.8388753742369075),0.0), (NodeObject(17,3,4,1,87,0,0,5,0.10701205573724826),0.0), (NodeObject(1,1,18,1,11,4,6,5,0.2806625912171058),0.0), (NodeObject(0,0,11,1,84,4,5,9,0.5827776292984372),0.0))

23:01:18.717 [LocalJobRunner Map Task Executor #0] INFO  - mapper1 output[ids]:- key: NodeObject(16,5,19,1,20,2,3,0,0.14008970054960346) ---val: List((NodeObject(2,1,5,1,35,1,3,19,0.8388753742369075),0.0), (NodeObject(17,3,4,1,87,0,0,5,0.10701205573724826),0.0), (NodeObject(1,1,18,1,11,4,6,5,0.2806625912171058),0.0), (NodeObject(0,0,11,1,84,4,5,9,0.5827776292984372),0.0))

23:01:18.717 [LocalJobRunner Map Task Executor #0] INFO  - mapper1 output[ids]:- key: NodeObject(18,3,14,1,68,1,5,4,0.24798693717137488) ---val: List((NodeObject(2,1,5,1,35,1,3,19,0.8388753742369075),0.0), (NodeObject(17,3,4,1,87,0,0,5,0.10701205573724826),0.0), (NodeObject(1,1,18,1,11,4,6,5,0.2806625912171058),0.0), (NodeObject(0,0,11,1,84,4,5,9,0.5827776292984372),0.0))

23:01:18.748 [LocalJobRunner Map Task Executor #0] INFO  - mapper1 output[ids]:- key: NodeObject(0,0,11,1,84,4,5,9,0.5827776292984372) ---val: List((NodeObject(20,6,7,1,28,4,0,14,0.0628437209012701),0.0), (NodeObject(3,1,11,1,37,0,3,10,0.8626833376275964),0.0), (NodeObject(9,3,17,1,34,1,4,5,0.20299478743204047),0.0), (NodeObject(1,1,18,1,11,4,6,5,0.2806625912171058),0.0), (NodeObject(0,0,11,1,84,4,5,9,0.5827776292984372),1.0), (NodeObject(8,5,6,1,25,3,3,19,0.15238957077919457),0.0))

23:01:18.748 [LocalJobRunner Map Task Executor #0] INFO  - mapper1 output[ids]:- key: NodeObject(15,2,3,1,17,0,4,13,0.6807689182962665) ---val: List((NodeObject(20,6,7,1,28,4,0,14,0.0628437209012701),0.0), (NodeObject(3,1,11,1,37,0,3,10,0.8626833376275964),0.0), (NodeObject(9,3,17,1,34,1,4,5,0.20299478743204047),0.0), (NodeObject(1,1,18,1,11,4,6,5,0.2806625912171058),0.0), (NodeObject(0,0,11,1,84,4,5,9,0.5827776292984372),0.0), (NodeObject(8,5,6,1,25,3,3,19,0.15238957077919457),0.0))

23:01:18.748 [LocalJobRunner Map Task Executor #0] INFO  - mapper1 output[ids]:- key: NodeObject(12,6,15,1,34,1,1,18,0.1484437255314459) ---val: List((NodeObject(20,6,7,1,28,4,0,14,0.0628437209012701),0.0), (NodeObject(3,1,11,1,37,0,3,10,0.8626833376275964),0.0), (NodeObject(9,3,17,1,34,1,4,5,0.20299478743204047),0.0), (NodeObject(1,1,18,1,11,4,6,5,0.2806625912171058),0.0), (NodeObject(0,0,11,1,84,4,5,9,0.5827776292984372),0.0), (NodeObject(8,5,6,1,25,3,3,19,0.15238957077919457),0.0))

23:01:18.748 [LocalJobRunner Map Task Executor #0] INFO  - mapper1 output[ids]:- key: NodeObject(9,3,17,1,34,1,4,5,0.20299478743204047) ---val: List((NodeObject(20,6,7,1,28,4,0,14,0.0628437209012701),0.0), (NodeObject(3,1,11,1,37,0,3,10,0.8626833376275964),0.0), (NodeObject(9,3,17,1,34,1,4,5,0.20299478743204047),1.0), (NodeObject(1,1,18,1,11,4,6,5,0.2806625912171058),0.0), (NodeObject(0,0,11,1,84,4,5,9,0.5827776292984372),0.0), (NodeObject(8,5,6,1,25,3,3,19,0.15238957077919457),0.0))

23:01:18.748 [LocalJobRunner Map Task Executor #0] INFO  - mapper1 output[ids]:- key: NodeObject(4,3,10,1,45,3,4,14,0.6810453271960514) ---val: List((NodeObject(20,6,7,1,28,4,0,14,0.0628437209012701),0.0), (NodeObject(3,1,11,1,37,0,3,10,0.8626833376275964),0.0), (NodeObject(9,3,17,1,34,1,4,5,0.20299478743204047),0.0), (NodeObject(1,1,18,1,11,4,6,5,0.2806625912171058),0.0), (NodeObject(0,0,11,1,84,4,5,9,0.5827776292984372),0.0), (NodeObject(8,5,6,1,25,3,3,19,0.15238957077919457),0.0))

23:01:18.748 [LocalJobRunner Map Task Executor #0] INFO  - mapper1 output[ids]:- key: NodeObject(16,5,19,1,20,2,3,0,0.14008970054960346) ---val: List((NodeObject(20,6,7,1,28,4,0,14,0.0628437209012701),0.0), (NodeObject(3,1,11,1,37,0,3,10,0.8626833376275964),0.0), (NodeObject(9,3,17,1,34,1,4,5,0.20299478743204047),0.0), (NodeObject(1,1,18,1,11,4,6,5,0.2806625912171058),0.0), (NodeObject(0,0,11,1,84,4,5,9,0.5827776292984372),0.0), (NodeObject(8,5,6,1,25,3,3,19,0.15238957077919457),0.0))

23:01:18.748 [LocalJobRunner Map Task Executor #0] INFO  - mapper1 output[ids]:- key: NodeObject(18,3,14,1,68,1,5,4,0.24798693717137488) ---val: List((NodeObject(20,6,7,1,28,4,0,14,0.0628437209012701),0.0), (NodeObject(3,1,11,1,37,0,3,10,0.8626833376275964),0.0), (NodeObject(9,3,17,1,34,1,4,5,0.20299478743204047),0.0), (NodeObject(1,1,18,1,11,4,6,5,0.2806625912171058),0.0), (NodeObject(0,0,11,1,84,4,5,9,0.5827776292984372),0.0), (NodeObject(8,5,6,1,25,3,3,19,0.15238957077919457),0.0))

23:01:18.764 [LocalJobRunner Map Task Executor #0] INFO  - mapper1 output[ids]:- key: NodeObject(0,0,11,1,84,4,5,9,0.5827776292984372) ---val: List((NodeObject(4,3,10,1,45,3,4,14,0.6810453271960514),0.0), (NodeObject(21,4,14,1,30,3,3,10,0.05614565169070462),0.0), (NodeObject(9,3,17,1,34,1,4,5,0.20299478743204047),0.0), (NodeObject(18,3,14,1,68,1,5,4,0.24798693717137488),0.0), (NodeObject(0,0,11,1,84,4,5,9,0.5827776292984372),1.0), (NodeObject(16,5,19,1,20,2,3,0,0.14008970054960346),0.0))

23:01:18.764 [LocalJobRunner Map Task Executor #0] INFO  - mapper1 output[ids]:- key: NodeObject(15,2,3,1,17,0,4,13,0.6807689182962665) ---val: List((NodeObject(4,3,10,1,45,3,4,14,0.6810453271960514),0.0), (NodeObject(21,4,14,1,30,3,3,10,0.05614565169070462),0.0), (NodeObject(9,3,17,1,34,1,4,5,0.20299478743204047),0.0), (NodeObject(18,3,14,1,68,1,5,4,0.24798693717137488),0.0), (NodeObject(0,0,11,1,84,4,5,9,0.5827776292984372),0.0), (NodeObject(16,5,19,1,20,2,3,0,0.14008970054960346),0.0))

23:01:18.764 [LocalJobRunner Map Task Executor #0] INFO  - mapper1 output[ids]:- key: NodeObject(12,6,15,1,34,1,1,18,0.1484437255314459) ---val: List((NodeObject(4,3,10,1,45,3,4,14,0.6810453271960514),0.0), (NodeObject(21,4,14,1,30,3,3,10,0.05614565169070462),0.0), (NodeObject(9,3,17,1,34,1,4,5,0.20299478743204047),0.0), (NodeObject(18,3,14,1,68,1,5,4,0.24798693717137488),0.0), (NodeObject(0,0,11,1,84,4,5,9,0.5827776292984372),0.0), (NodeObject(16,5,19,1,20,2,3,0,0.14008970054960346),0.0))

23:01:18.764 [LocalJobRunner Map Task Executor #0] INFO  - mapper1 output[ids]:- key: NodeObject(9,3,17,1,34,1,4,5,0.20299478743204047) ---val: List((NodeObject(4,3,10,1,45,3,4,14,0.6810453271960514),0.0), (NodeObject(21,4,14,1,30,3,3,10,0.05614565169070462),0.0), (NodeObject(9,3,17,1,34,1,4,5,0.20299478743204047),1.0), (NodeObject(18,3,14,1,68,1,5,4,0.24798693717137488),0.0), (NodeObject(0,0,11,1,84,4,5,9,0.5827776292984372),0.0), (NodeObject(16,5,19,1,20,2,3,0,0.14008970054960346),0.0))

23:01:18.764 [LocalJobRunner Map Task Executor #0] INFO  - mapper1 output[ids]:- key: NodeObject(4,3,10,1,45,3,4,14,0.6810453271960514) ---val: List((NodeObject(4,3,10,1,45,3,4,14,0.6810453271960514),1.0), (NodeObject(21,4,14,1,30,3,3,10,0.05614565169070462),0.0), (NodeObject(9,3,17,1,34,1,4,5,0.20299478743204047),0.0), (NodeObject(18,3,14,1,68,1,5,4,0.24798693717137488),0.0), (NodeObject(0,0,11,1,84,4,5,9,0.5827776292984372),0.0), (NodeObject(16,5,19,1,20,2,3,0,0.14008970054960346),0.0))

23:01:18.764 [LocalJobRunner Map Task Executor #0] INFO  - mapper1 output[ids]:- key: NodeObject(16,5,19,1,20,2,3,0,0.14008970054960346) ---val: List((NodeObject(4,3,10,1,45,3,4,14,0.6810453271960514),0.0), (NodeObject(21,4,14,1,30,3,3,10,0.05614565169070462),1.0), (NodeObject(9,3,17,1,34,1,4,5,0.20299478743204047),0.0), (NodeObject(18,3,14,1,68,1,5,4,0.24798693717137488),0.0), (NodeObject(0,0,11,1,84,4,5,9,0.5827776292984372),0.0), (NodeObject(16,5,19,1,20,2,3,0,0.14008970054960346),1.0))

23:01:18.764 [LocalJobRunner Map Task Executor #0] INFO  - mapper1 output[ids]:- key: NodeObject(18,3,14,1,68,1,5,4,0.24798693717137488) ---val: List((NodeObject(4,3,10,1,45,3,4,14,0.6810453271960514),0.0), (NodeObject(21,4,14,1,30,3,3,10,0.05614565169070462),0.0), (NodeObject(9,3,17,1,34,1,4,5,0.20299478743204047),0.0), (NodeObject(18,3,14,1,68,1,5,4,0.24798693717137488),1.0), (NodeObject(0,0,11,1,84,4,5,9,0.5827776292984372),0.0), (NodeObject(16,5,19,1,20,2,3,0,0.14008970054960346),0.0))

23:01:18.788 [LocalJobRunner Map Task Executor #0] INFO  - mapper1 output[ids]:- key: NodeObject(0,0,11,1,84,4,5,9,0.5827776292984372) ---val: List((NodeObject(7,5,13,1,10,0,3,5,0.07014254745794635),0.0), (NodeObject(6,3,19,1,99,4,1,1,0.8144618384339453),0.0), (NodeObject(18,3,14,1,68,1,5,4,0.24798693717137488),0.0), (NodeObject(0,0,11,1,84,4,5,9,0.5827776292984372),1.0), (NodeObject(5,4,11,1,86,0,1,5,0.7994990274174223),0.0), (NodeObject(19,2,0,1,43,4,1,4,0.3004878843780977),0.0))

23:01:18.788 [LocalJobRunner Map Task Executor #0] INFO  - mapper1 output[ids]:- key: NodeObject(15,2,3,1,17,0,4,13,0.6807689182962665) ---val: List((NodeObject(7,5,13,1,10,0,3,5,0.07014254745794635),0.0), (NodeObject(6,3,19,1,99,4,1,1,0.8144618384339453),0.0), (NodeObject(18,3,14,1,68,1,5,4,0.24798693717137488),0.0), (NodeObject(0,0,11,1,84,4,5,9,0.5827776292984372),0.0), (NodeObject(5,4,11,1,86,0,1,5,0.7994990274174223),0.0), (NodeObject(19,2,0,1,43,4,1,4,0.3004878843780977),0.0))

23:01:18.788 [LocalJobRunner Map Task Executor #0] INFO  - mapper1 output[ids]:- key: NodeObject(12,6,15,1,34,1,1,18,0.1484437255314459) ---val: List((NodeObject(7,5,13,1,10,0,3,5,0.07014254745794635),0.0), (NodeObject(6,3,19,1,99,4,1,1,0.8144618384339453),0.0), (NodeObject(18,3,14,1,68,1,5,4,0.24798693717137488),0.0), (NodeObject(0,0,11,1,84,4,5,9,0.5827776292984372),0.0), (NodeObject(5,4,11,1,86,0,1,5,0.7994990274174223),0.0), (NodeObject(19,2,0,1,43,4,1,4,0.3004878843780977),0.0))

23:01:18.788 [LocalJobRunner Map Task Executor #0] INFO  - mapper1 output[ids]:- key: NodeObject(9,3,17,1,34,1,4,5,0.20299478743204047) ---val: List((NodeObject(7,5,13,1,10,0,3,5,0.07014254745794635),0.0), (NodeObject(6,3,19,1,99,4,1,1,0.8144618384339453),0.0), (NodeObject(18,3,14,1,68,1,5,4,0.24798693717137488),0.0), (NodeObject(0,0,11,1,84,4,5,9,0.5827776292984372),0.0), (NodeObject(5,4,11,1,86,0,1,5,0.7994990274174223),0.0), (NodeObject(19,2,0,1,43,4,1,4,0.3004878843780977),0.0))

23:01:18.788 [LocalJobRunner Map Task Executor #0] INFO  - mapper1 output[ids]:- key: NodeObject(4,3,10,1,45,3,4,14,0.6810453271960514) ---val: List((NodeObject(7,5,13,1,10,0,3,5,0.07014254745794635),0.0), (NodeObject(6,3,19,1,99,4,1,1,0.8144618384339453),0.0), (NodeObject(18,3,14,1,68,1,5,4,0.24798693717137488),0.0), (NodeObject(0,0,11,1,84,4,5,9,0.5827776292984372),0.0), (NodeObject(5,4,11,1,86,0,1,5,0.7994990274174223),0.0), (NodeObject(19,2,0,1,43,4,1,4,0.3004878843780977),0.0))

23:01:18.788 [LocalJobRunner Map Task Executor #0] INFO  - mapper1 output[ids]:- key: NodeObject(16,5,19,1,20,2,3,0,0.14008970054960346) ---val: List((NodeObject(7,5,13,1,10,0,3,5,0.07014254745794635),0.0), (NodeObject(6,3,19,1,99,4,1,1,0.8144618384339453),0.0), (NodeObject(18,3,14,1,68,1,5,4,0.24798693717137488),0.0), (NodeObject(0,0,11,1,84,4,5,9,0.5827776292984372),0.0), (NodeObject(5,4,11,1,86,0,1,5,0.7994990274174223),0.0), (NodeObject(19,2,0,1,43,4,1,4,0.3004878843780977),0.0))

23:01:18.788 [LocalJobRunner Map Task Executor #0] INFO  - mapper1 output[ids]:- key: NodeObject(18,3,14,1,68,1,5,4,0.24798693717137488) ---val: List((NodeObject(7,5,13,1,10,0,3,5,0.07014254745794635),0.0), (NodeObject(6,3,19,1,99,4,1,1,0.8144618384339453),0.0), (NodeObject(18,3,14,1,68,1,5,4,0.24798693717137488),1.0), (NodeObject(0,0,11,1,84,4,5,9,0.5827776292984372),0.0), (NodeObject(5,4,11,1,86,0,1,5,0.7994990274174223),0.0), (NodeObject(19,2,0,1,43,4,1,4,0.3004878843780977),0.0))

23:01:18.811 [LocalJobRunner Map Task Executor #0] INFO  - mapper1 output[ids]:- key: NodeObject(0,0,11,1,84,4,5,9,0.5827776292984372) ---val: List((NodeObject(15,2,3,1,17,0,4,13,0.6807689182962665),0.0), (NodeObject(13,6,5,1,0,2,0,2,0.654537777056837),0.0), (NodeObject(6,3,19,1,99,4,1,1,0.8144618384339453),0.0), (NodeObject(10,2,9,1,33,1,30,6,0.7496347382387955),0.0), (NodeObject(0,0,11,1,84,4,5,9,0.5827776292984372),1.0), (NodeObject(11,6,6,1,13,4,13,6,0.650083935433136),0.0))

23:01:18.811 [LocalJobRunner Map Task Executor #0] INFO  - mapper1 output[ids]:- key: NodeObject(15,2,3,1,17,0,4,13,0.6807689182962665) ---val: List((NodeObject(15,2,3,1,17,0,4,13,0.6807689182962665),1.0), (NodeObject(13,6,5,1,0,2,0,2,0.654537777056837),0.0), (NodeObject(6,3,19,1,99,4,1,1,0.8144618384339453),0.0), (NodeObject(10,2,9,1,33,1,30,6,0.7496347382387955),0.0), (NodeObject(0,0,11,1,84,4,5,9,0.5827776292984372),0.0), (NodeObject(11,6,6,1,13,4,13,6,0.650083935433136),0.0))

23:01:18.811 [LocalJobRunner Map Task Executor #0] INFO  - mapper1 output[ids]:- key: NodeObject(12,6,15,1,34,1,1,18,0.1484437255314459) ---val: List((NodeObject(15,2,3,1,17,0,4,13,0.6807689182962665),0.0), (NodeObject(13,6,5,1,0,2,0,2,0.654537777056837),0.0), (NodeObject(6,3,19,1,99,4,1,1,0.8144618384339453),0.0), (NodeObject(10,2,9,1,33,1,30,6,0.7496347382387955),0.0), (NodeObject(0,0,11,1,84,4,5,9,0.5827776292984372),0.0), (NodeObject(11,6,6,1,13,4,13,6,0.650083935433136),0.0))

23:01:18.811 [LocalJobRunner Map Task Executor #0] INFO  - mapper1 output[ids]:- key: NodeObject(9,3,17,1,34,1,4,5,0.20299478743204047) ---val: List((NodeObject(15,2,3,1,17,0,4,13,0.6807689182962665),0.0), (NodeObject(13,6,5,1,0,2,0,2,0.654537777056837),0.0), (NodeObject(6,3,19,1,99,4,1,1,0.8144618384339453),0.0), (NodeObject(10,2,9,1,33,1,30,6,0.7496347382387955),0.0), (NodeObject(0,0,11,1,84,4,5,9,0.5827776292984372),0.0), (NodeObject(11,6,6,1,13,4,13,6,0.650083935433136),0.0))

23:01:18.811 [LocalJobRunner Map Task Executor #0] INFO  - mapper1 output[ids]:- key: NodeObject(4,3,10,1,45,3,4,14,0.6810453271960514) ---val: List((NodeObject(15,2,3,1,17,0,4,13,0.6807689182962665),0.0), (NodeObject(13,6,5,1,0,2,0,2,0.654537777056837),0.0), (NodeObject(6,3,19,1,99,4,1,1,0.8144618384339453),0.0), (NodeObject(10,2,9,1,33,1,30,6,0.7496347382387955),0.0), (NodeObject(0,0,11,1,84,4,5,9,0.5827776292984372),0.0), (NodeObject(11,6,6,1,13,4,13,6,0.650083935433136),0.0))

23:01:18.811 [LocalJobRunner Map Task Executor #0] INFO  - mapper1 output[ids]:- key: NodeObject(16,5,19,1,20,2,3,0,0.14008970054960346) ---val: List((NodeObject(15,2,3,1,17,0,4,13,0.6807689182962665),0.0), (NodeObject(13,6,5,1,0,2,0,2,0.654537777056837),0.0), (NodeObject(6,3,19,1,99,4,1,1,0.8144618384339453),0.0), (NodeObject(10,2,9,1,33,1,30,6,0.7496347382387955),0.0), (NodeObject(0,0,11,1,84,4,5,9,0.5827776292984372),0.0), (NodeObject(11,6,6,1,13,4,13,6,0.650083935433136),0.0))

23:01:18.811 [LocalJobRunner Map Task Executor #0] INFO  - mapper1 output[ids]:- key: NodeObject(18,3,14,1,68,1,5,4,0.24798693717137488) ---val: List((NodeObject(15,2,3,1,17,0,4,13,0.6807689182962665),0.0), (NodeObject(13,6,5,1,0,2,0,2,0.654537777056837),0.0), (NodeObject(6,3,19,1,99,4,1,1,0.8144618384339453),0.0), (NodeObject(10,2,9,1,33,1,30,6,0.7496347382387955),0.0), (NodeObject(0,0,11,1,84,4,5,9,0.5827776292984372),0.0), (NodeObject(11,6,6,1,13,4,13,6,0.650083935433136),0.0))

23:01:18.827 [LocalJobRunner Map Task Executor #0] INFO  - mapper1 output[ids]:- key: NodeObject(0,0,11,1,84,4,5,9,0.5827776292984372) ---val: List((NodeObject(15,2,3,1,17,0,4,13,0.6807689182962665),0.0), (NodeObject(12,6,15,1,34,1,1,18,0.1484437255314459),0.0), (NodeObject(0,0,11,1,84,4,5,9,0.5827776292984372),1.0))

23:01:18.827 [LocalJobRunner Map Task Executor #0] INFO  - mapper1 output[ids]:- key: NodeObject(15,2,3,1,17,0,4,13,0.6807689182962665) ---val: List((NodeObject(15,2,3,1,17,0,4,13,0.6807689182962665),1.0), (NodeObject(12,6,15,1,34,1,1,18,0.1484437255314459),0.0), (NodeObject(0,0,11,1,84,4,5,9,0.5827776292984372),0.0))

23:01:18.827 [LocalJobRunner Map Task Executor #0] INFO  - mapper1 output[ids]:- key: NodeObject(12,6,15,1,34,1,1,18,0.1484437255314459) ---val: List((NodeObject(15,2,3,1,17,0,4,13,0.6807689182962665),0.0), (NodeObject(12,6,15,1,34,1,1,18,0.1484437255314459),1.0), (NodeObject(0,0,11,1,84,4,5,9,0.5827776292984372),0.0))

23:01:18.827 [LocalJobRunner Map Task Executor #0] INFO  - mapper1 output[ids]:- key: NodeObject(9,3,17,1,34,1,4,5,0.20299478743204047) ---val: List((NodeObject(15,2,3,1,17,0,4,13,0.6807689182962665),0.0), (NodeObject(12,6,15,1,34,1,1,18,0.1484437255314459),0.0), (NodeObject(0,0,11,1,84,4,5,9,0.5827776292984372),0.0))

23:01:18.827 [LocalJobRunner Map Task Executor #0] INFO  - mapper1 output[ids]:- key: NodeObject(4,3,10,1,45,3,4,14,0.6810453271960514) ---val: List((NodeObject(15,2,3,1,17,0,4,13,0.6807689182962665),0.0), (NodeObject(12,6,15,1,34,1,1,18,0.1484437255314459),0.0), (NodeObject(0,0,11,1,84,4,5,9,0.5827776292984372),0.0))

23:01:18.827 [LocalJobRunner Map Task Executor #0] INFO  - mapper1 output[ids]:- key: NodeObject(16,5,19,1,20,2,3,0,0.14008970054960346) ---val: List((NodeObject(15,2,3,1,17,0,4,13,0.6807689182962665),0.0), (NodeObject(12,6,15,1,34,1,1,18,0.1484437255314459),0.0), (NodeObject(0,0,11,1,84,4,5,9,0.5827776292984372),0.0))

23:01:18.827 [LocalJobRunner Map Task Executor #0] INFO  - mapper1 output[ids]:- key: NodeObject(18,3,14,1,68,1,5,4,0.24798693717137488) ---val: List((NodeObject(15,2,3,1,17,0,4,13,0.6807689182962665),0.0), (NodeObject(12,6,15,1,34,1,1,18,0.1484437255314459),0.0), (NodeObject(0,0,11,1,84,4,5,9,0.5827776292984372),0.0))

23:01:18.827 [LocalJobRunner Map Task Executor #0] INFO  - mapper1 output[ids]:- key: NodeObject(0,0,11,1,84,4,5,9,0.5827776292984372) ---val: List((NodeObject(2,1,5,1,35,1,3,19,0.8388753742369075),0.0), (NodeObject(17,3,4,1,87,0,0,5,0.10701205573724826),0.0), (NodeObject(1,1,18,1,11,4,6,5,0.2806625912171058),0.0), (NodeObject(0,0,11,1,84,4,5,9,0.5827776292984372),1.0))

23:01:18.827 [LocalJobRunner Map Task Executor #0] INFO  - mapper1 output[ids]:- key: NodeObject(18,3,14,1,68,1,5,4,0.24798693717137488) ---val: List((NodeObject(2,1,5,1,35,1,3,19,0.8388753742369075),0.0), (NodeObject(17,3,4,1,87,0,0,5,0.10701205573724826),0.0), (NodeObject(1,1,18,1,11,4,6,5,0.2806625912171058),0.0), (NodeObject(0,0,11,1,84,4,5,9,0.5827776292984372),0.0))

23:01:18.827 [LocalJobRunner Map Task Executor #0] INFO  - mapper1 output[ids]:- key: NodeObject(5,4,11,1,86,0,1,5,0.7994990274174223) ---val: List((NodeObject(2,1,5,1,35,1,3,19,0.8388753742369075),0.0), (NodeObject(17,3,4,1,87,0,0,5,0.10701205573724826),0.0), (NodeObject(1,1,18,1,11,4,6,5,0.2806625912171058),0.0), (NodeObject(0,0,11,1,84,4,5,9,0.5827776292984372),0.0))

23:01:18.827 [LocalJobRunner Map Task Executor #0] INFO  - mapper1 output[ids]:- key: NodeObject(7,5,13,1,10,0,3,5,0.07014254745794635) ---val: List((NodeObject(2,1,5,1,35,1,3,19,0.8388753742369075),0.0), (NodeObject(17,3,4,1,87,0,0,5,0.10701205573724826),0.0), (NodeObject(1,1,18,1,11,4,6,5,0.2806625912171058),0.0), (NodeObject(0,0,11,1,84,4,5,9,0.5827776292984372),0.0))

23:01:18.827 [LocalJobRunner Map Task Executor #0] INFO  - mapper1 output[ids]:- key: NodeObject(19,2,0,1,43,4,1,4,0.3004878843780977) ---val: List((NodeObject(2,1,5,1,35,1,3,19,0.8388753742369075),0.0), (NodeObject(17,3,4,1,87,0,0,5,0.10701205573724826),0.0), (NodeObject(1,1,18,1,11,4,6,5,0.2806625912171058),0.0), (NodeObject(0,0,11,1,84,4,5,9,0.5827776292984372),0.0))

23:01:18.827 [LocalJobRunner Map Task Executor #0] INFO  - mapper1 output[ids]:- key: NodeObject(6,3,19,1,99,4,1,1,0.8144618384339453) ---val: List((NodeObject(2,1,5,1,35,1,3,19,0.8388753742369075),0.0), (NodeObject(17,3,4,1,87,0,0,5,0.10701205573724826),0.0), (NodeObject(1,1,18,1,11,4,6,5,0.2806625912171058),0.0), (NodeObject(0,0,11,1,84,4,5,9,0.5827776292984372),0.0))

23:01:18.842 [LocalJobRunner Map Task Executor #0] INFO  - mapper1 output[ids]:- key: NodeObject(0,0,11,1,84,4,5,9,0.5827776292984372) ---val: List((NodeObject(20,6,7,1,28,4,0,14,0.0628437209012701),0.0), (NodeObject(3,1,11,1,37,0,3,10,0.8626833376275964),0.0), (NodeObject(9,3,17,1,34,1,4,5,0.20299478743204047),0.0), (NodeObject(1,1,18,1,11,4,6,5,0.2806625912171058),0.0), (NodeObject(0,0,11,1,84,4,5,9,0.5827776292984372),1.0), (NodeObject(8,5,6,1,25,3,3,19,0.15238957077919457),0.0))

23:01:18.842 [LocalJobRunner Map Task Executor #0] INFO  - mapper1 output[ids]:- key: NodeObject(18,3,14,1,68,1,5,4,0.24798693717137488) ---val: List((NodeObject(20,6,7,1,28,4,0,14,0.0628437209012701),0.0), (NodeObject(3,1,11,1,37,0,3,10,0.8626833376275964),0.0), (NodeObject(9,3,17,1,34,1,4,5,0.20299478743204047),0.0), (NodeObject(1,1,18,1,11,4,6,5,0.2806625912171058),0.0), (NodeObject(0,0,11,1,84,4,5,9,0.5827776292984372),0.0), (NodeObject(8,5,6,1,25,3,3,19,0.15238957077919457),0.0))

23:01:18.842 [LocalJobRunner Map Task Executor #0] INFO  - mapper1 output[ids]:- key: NodeObject(5,4,11,1,86,0,1,5,0.7994990274174223) ---val: List((NodeObject(20,6,7,1,28,4,0,14,0.0628437209012701),0.0), (NodeObject(3,1,11,1,37,0,3,10,0.8626833376275964),0.0), (NodeObject(9,3,17,1,34,1,4,5,0.20299478743204047),0.0), (NodeObject(1,1,18,1,11,4,6,5,0.2806625912171058),0.0), (NodeObject(0,0,11,1,84,4,5,9,0.5827776292984372),0.0), (NodeObject(8,5,6,1,25,3,3,19,0.15238957077919457),0.0))

23:01:18.842 [LocalJobRunner Map Task Executor #0] INFO  - mapper1 output[ids]:- key: NodeObject(7,5,13,1,10,0,3,5,0.07014254745794635) ---val: List((NodeObject(20,6,7,1,28,4,0,14,0.0628437209012701),0.0), (NodeObject(3,1,11,1,37,0,3,10,0.8626833376275964),0.0), (NodeObject(9,3,17,1,34,1,4,5,0.20299478743204047),0.0), (NodeObject(1,1,18,1,11,4,6,5,0.2806625912171058),0.0), (NodeObject(0,0,11,1,84,4,5,9,0.5827776292984372),0.0), (NodeObject(8,5,6,1,25,3,3,19,0.15238957077919457),0.0))

23:01:18.842 [LocalJobRunner Map Task Executor #0] INFO  - mapper1 output[ids]:- key: NodeObject(19,2,0,1,43,4,1,4,0.3004878843780977) ---val: List((NodeObject(20,6,7,1,28,4,0,14,0.0628437209012701),0.0), (NodeObject(3,1,11,1,37,0,3,10,0.8626833376275964),0.0), (NodeObject(9,3,17,1,34,1,4,5,0.20299478743204047),0.0), (NodeObject(1,1,18,1,11,4,6,5,0.2806625912171058),0.0), (NodeObject(0,0,11,1,84,4,5,9,0.5827776292984372),0.0), (NodeObject(8,5,6,1,25,3,3,19,0.15238957077919457),0.0))

23:01:18.842 [LocalJobRunner Map Task Executor #0] INFO  - mapper1 output[ids]:- key: NodeObject(6,3,19,1,99,4,1,1,0.8144618384339453) ---val: List((NodeObject(20,6,7,1,28,4,0,14,0.0628437209012701),0.0), (NodeObject(3,1,11,1,37,0,3,10,0.8626833376275964),0.0), (NodeObject(9,3,17,1,34,1,4,5,0.20299478743204047),0.0), (NodeObject(1,1,18,1,11,4,6,5,0.2806625912171058),0.0), (NodeObject(0,0,11,1,84,4,5,9,0.5827776292984372),0.0), (NodeObject(8,5,6,1,25,3,3,19,0.15238957077919457),0.0))

23:01:18.858 [LocalJobRunner Map Task Executor #0] INFO  - mapper1 output[ids]:- key: NodeObject(0,0,11,1,84,4,5,9,0.5827776292984372) ---val: List((NodeObject(4,3,10,1,45,3,4,14,0.6810453271960514),0.0), (NodeObject(21,4,14,1,30,3,3,10,0.05614565169070462),0.0), (NodeObject(9,3,17,1,34,1,4,5,0.20299478743204047),0.0), (NodeObject(18,3,14,1,68,1,5,4,0.24798693717137488),0.0), (NodeObject(0,0,11,1,84,4,5,9,0.5827776292984372),1.0), (NodeObject(16,5,19,1,20,2,3,0,0.14008970054960346),0.0))

23:01:18.858 [LocalJobRunner Map Task Executor #0] INFO  - mapper1 output[ids]:- key: NodeObject(18,3,14,1,68,1,5,4,0.24798693717137488) ---val: List((NodeObject(4,3,10,1,45,3,4,14,0.6810453271960514),0.0), (NodeObject(21,4,14,1,30,3,3,10,0.05614565169070462),0.0), (NodeObject(9,3,17,1,34,1,4,5,0.20299478743204047),0.0), (NodeObject(18,3,14,1,68,1,5,4,0.24798693717137488),1.0), (NodeObject(0,0,11,1,84,4,5,9,0.5827776292984372),0.0), (NodeObject(16,5,19,1,20,2,3,0,0.14008970054960346),0.0))

23:01:18.858 [LocalJobRunner Map Task Executor #0] INFO  - mapper1 output[ids]:- key: NodeObject(5,4,11,1,86,0,1,5,0.7994990274174223) ---val: List((NodeObject(4,3,10,1,45,3,4,14,0.6810453271960514),0.0), (NodeObject(21,4,14,1,30,3,3,10,0.05614565169070462),0.0), (NodeObject(9,3,17,1,34,1,4,5,0.20299478743204047),0.0), (NodeObject(18,3,14,1,68,1,5,4,0.24798693717137488),0.0), (NodeObject(0,0,11,1,84,4,5,9,0.5827776292984372),0.0), (NodeObject(16,5,19,1,20,2,3,0,0.14008970054960346),0.0))

23:01:18.858 [LocalJobRunner Map Task Executor #0] INFO  - mapper1 output[ids]:- key: NodeObject(7,5,13,1,10,0,3,5,0.07014254745794635) ---val: List((NodeObject(4,3,10,1,45,3,4,14,0.6810453271960514),0.0), (NodeObject(21,4,14,1,30,3,3,10,0.05614565169070462),0.0), (NodeObject(9,3,17,1,34,1,4,5,0.20299478743204047),0.0), (NodeObject(18,3,14,1,68,1,5,4,0.24798693717137488),0.0), (NodeObject(0,0,11,1,84,4,5,9,0.5827776292984372),0.0), (NodeObject(16,5,19,1,20,2,3,0,0.14008970054960346),0.0))

23:01:18.858 [LocalJobRunner Map Task Executor #0] INFO  - mapper1 output[ids]:- key: NodeObject(19,2,0,1,43,4,1,4,0.3004878843780977) ---val: List((NodeObject(4,3,10,1,45,3,4,14,0.6810453271960514),0.0), (NodeObject(21,4,14,1,30,3,3,10,0.05614565169070462),0.0), (NodeObject(9,3,17,1,34,1,4,5,0.20299478743204047),0.0), (NodeObject(18,3,14,1,68,1,5,4,0.24798693717137488),0.0), (NodeObject(0,0,11,1,84,4,5,9,0.5827776292984372),0.0), (NodeObject(16,5,19,1,20,2,3,0,0.14008970054960346),0.0))

23:01:18.858 [LocalJobRunner Map Task Executor #0] INFO  - mapper1 output[ids]:- key: NodeObject(6,3,19,1,99,4,1,1,0.8144618384339453) ---val: List((NodeObject(4,3,10,1,45,3,4,14,0.6810453271960514),0.0), (NodeObject(21,4,14,1,30,3,3,10,0.05614565169070462),0.0), (NodeObject(9,3,17,1,34,1,4,5,0.20299478743204047),0.0), (NodeObject(18,3,14,1,68,1,5,4,0.24798693717137488),0.0), (NodeObject(0,0,11,1,84,4,5,9,0.5827776292984372),0.0), (NodeObject(16,5,19,1,20,2,3,0,0.14008970054960346),0.0))

23:01:18.874 [LocalJobRunner Map Task Executor #0] INFO  - mapper1 output[ids]:- key: NodeObject(0,0,11,1,84,4,5,9,0.5827776292984372) ---val: List((NodeObject(7,5,13,1,10,0,3,5,0.07014254745794635),0.0), (NodeObject(6,3,19,1,99,4,1,1,0.8144618384339453),0.0), (NodeObject(18,3,14,1,68,1,5,4,0.24798693717137488),0.0), (NodeObject(0,0,11,1,84,4,5,9,0.5827776292984372),1.0), (NodeObject(5,4,11,1,86,0,1,5,0.7994990274174223),0.0), (NodeObject(19,2,0,1,43,4,1,4,0.3004878843780977),0.0))

23:01:18.874 [LocalJobRunner Map Task Executor #0] INFO  - mapper1 output[ids]:- key: NodeObject(18,3,14,1,68,1,5,4,0.24798693717137488) ---val: List((NodeObject(7,5,13,1,10,0,3,5,0.07014254745794635),0.0), (NodeObject(6,3,19,1,99,4,1,1,0.8144618384339453),0.0), (NodeObject(18,3,14,1,68,1,5,4,0.24798693717137488),1.0), (NodeObject(0,0,11,1,84,4,5,9,0.5827776292984372),0.0), (NodeObject(5,4,11,1,86,0,1,5,0.7994990274174223),0.0), (NodeObject(19,2,0,1,43,4,1,4,0.3004878843780977),0.0))

23:01:18.874 [LocalJobRunner Map Task Executor #0] INFO  - mapper1 output[ids]:- key: NodeObject(5,4,11,1,86,0,1,5,0.7994990274174223) ---val: List((NodeObject(7,5,13,1,10,0,3,5,0.07014254745794635),0.0), (NodeObject(6,3,19,1,99,4,1,1,0.8144618384339453),0.0), (NodeObject(18,3,14,1,68,1,5,4,0.24798693717137488),0.0), (NodeObject(0,0,11,1,84,4,5,9,0.5827776292984372),0.0), (NodeObject(5,4,11,1,86,0,1,5,0.7994990274174223),1.0), (NodeObject(19,2,0,1,43,4,1,4,0.3004878843780977),0.0))

23:01:18.874 [LocalJobRunner Map Task Executor #0] INFO  - mapper1 output[ids]:- key: NodeObject(7,5,13,1,10,0,3,5,0.07014254745794635) ---val: List((NodeObject(7,5,13,1,10,0,3,5,0.07014254745794635),1.0), (NodeObject(6,3,19,1,99,4,1,1,0.8144618384339453),0.0), (NodeObject(18,3,14,1,68,1,5,4,0.24798693717137488),0.0), (NodeObject(0,0,11,1,84,4,5,9,0.5827776292984372),0.0), (NodeObject(5,4,11,1,86,0,1,5,0.7994990274174223),0.0), (NodeObject(19,2,0,1,43,4,1,4,0.3004878843780977),0.0))

23:01:18.874 [LocalJobRunner Map Task Executor #0] INFO  - mapper1 output[ids]:- key: NodeObject(19,2,0,1,43,4,1,4,0.3004878843780977) ---val: List((NodeObject(7,5,13,1,10,0,3,5,0.07014254745794635),0.0), (NodeObject(6,3,19,1,99,4,1,1,0.8144618384339453),0.0), (NodeObject(18,3,14,1,68,1,5,4,0.24798693717137488),0.0), (NodeObject(0,0,11,1,84,4,5,9,0.5827776292984372),0.0), (NodeObject(5,4,11,1,86,0,1,5,0.7994990274174223),0.0), (NodeObject(19,2,0,1,43,4,1,4,0.3004878843780977),1.0))

23:01:18.874 [LocalJobRunner Map Task Executor #0] INFO  - mapper1 output[ids]:- key: NodeObject(6,3,19,1,99,4,1,1,0.8144618384339453) ---val: List((NodeObject(7,5,13,1,10,0,3,5,0.07014254745794635),0.0), (NodeObject(6,3,19,1,99,4,1,1,0.8144618384339453),1.0), (NodeObject(18,3,14,1,68,1,5,4,0.24798693717137488),0.0), (NodeObject(0,0,11,1,84,4,5,9,0.5827776292984372),0.0), (NodeObject(5,4,11,1,86,0,1,5,0.7994990274174223),0.0), (NodeObject(19,2,0,1,43,4,1,4,0.3004878843780977),0.0))

23:01:18.890 [main] INFO  - Job job_local1036657382_0001 running in uber mode : false
23:01:18.890 [main] INFO  -  map 0% reduce 0%
23:01:18.890 [LocalJobRunner Map Task Executor #0] INFO  - mapper1 output[ids]:- key: NodeObject(0,0,11,1,84,4,5,9,0.5827776292984372) ---val: List((NodeObject(15,2,3,1,17,0,4,13,0.6807689182962665),0.0), (NodeObject(13,6,5,1,0,2,0,2,0.654537777056837),0.0), (NodeObject(6,3,19,1,99,4,1,1,0.8144618384339453),0.0), (NodeObject(10,2,9,1,33,1,30,6,0.7496347382387955),0.0), (NodeObject(0,0,11,1,84,4,5,9,0.5827776292984372),1.0), (NodeObject(11,6,6,1,13,4,13,6,0.650083935433136),0.0))

23:01:18.890 [LocalJobRunner Map Task Executor #0] INFO  - mapper1 output[ids]:- key: NodeObject(18,3,14,1,68,1,5,4,0.24798693717137488) ---val: List((NodeObject(15,2,3,1,17,0,4,13,0.6807689182962665),0.0), (NodeObject(13,6,5,1,0,2,0,2,0.654537777056837),0.0), (NodeObject(6,3,19,1,99,4,1,1,0.8144618384339453),0.0), (NodeObject(10,2,9,1,33,1,30,6,0.7496347382387955),0.0), (NodeObject(0,0,11,1,84,4,5,9,0.5827776292984372),0.0), (NodeObject(11,6,6,1,13,4,13,6,0.650083935433136),0.0))

23:01:18.890 [LocalJobRunner Map Task Executor #0] INFO  - mapper1 output[ids]:- key: NodeObject(5,4,11,1,86,0,1,5,0.7994990274174223) ---val: List((NodeObject(15,2,3,1,17,0,4,13,0.6807689182962665),0.0), (NodeObject(13,6,5,1,0,2,0,2,0.654537777056837),0.0), (NodeObject(6,3,19,1,99,4,1,1,0.8144618384339453),0.0), (NodeObject(10,2,9,1,33,1,30,6,0.7496347382387955),0.0), (NodeObject(0,0,11,1,84,4,5,9,0.5827776292984372),0.0), (NodeObject(11,6,6,1,13,4,13,6,0.650083935433136),0.0))

23:01:18.890 [LocalJobRunner Map Task Executor #0] INFO  - mapper1 output[ids]:- key: NodeObject(7,5,13,1,10,0,3,5,0.07014254745794635) ---val: List((NodeObject(15,2,3,1,17,0,4,13,0.6807689182962665),0.0), (NodeObject(13,6,5,1,0,2,0,2,0.654537777056837),0.0), (NodeObject(6,3,19,1,99,4,1,1,0.8144618384339453),0.0), (NodeObject(10,2,9,1,33,1,30,6,0.7496347382387955),0.0), (NodeObject(0,0,11,1,84,4,5,9,0.5827776292984372),0.0), (NodeObject(11,6,6,1,13,4,13,6,0.650083935433136),0.0))

23:01:18.890 [LocalJobRunner Map Task Executor #0] INFO  - mapper1 output[ids]:- key: NodeObject(19,2,0,1,43,4,1,4,0.3004878843780977) ---val: List((NodeObject(15,2,3,1,17,0,4,13,0.6807689182962665),0.0), (NodeObject(13,6,5,1,0,2,0,2,0.654537777056837),0.0), (NodeObject(6,3,19,1,99,4,1,1,0.8144618384339453),0.0), (NodeObject(10,2,9,1,33,1,30,6,0.7496347382387955),0.0), (NodeObject(0,0,11,1,84,4,5,9,0.5827776292984372),0.0), (NodeObject(11,6,6,1,13,4,13,6,0.650083935433136),0.0))

23:01:18.890 [LocalJobRunner Map Task Executor #0] INFO  - mapper1 output[ids]:- key: NodeObject(6,3,19,1,99,4,1,1,0.8144618384339453) ---val: List((NodeObject(15,2,3,1,17,0,4,13,0.6807689182962665),0.0), (NodeObject(13,6,5,1,0,2,0,2,0.654537777056837),0.0), (NodeObject(6,3,19,1,99,4,1,1,0.8144618384339453),1.0), (NodeObject(10,2,9,1,33,1,30,6,0.7496347382387955),0.0), (NodeObject(0,0,11,1,84,4,5,9,0.5827776292984372),0.0), (NodeObject(11,6,6,1,13,4,13,6,0.650083935433136),0.0))

23:01:18.905 [LocalJobRunner Map Task Executor #0] INFO  - mapper1 output[ids]:- key: NodeObject(0,0,11,1,84,4,5,9,0.5827776292984372) ---val: List((NodeObject(15,2,3,1,17,0,4,13,0.6807689182962665),0.0), (NodeObject(12,6,15,1,34,1,1,18,0.1484437255314459),0.0), (NodeObject(0,0,11,1,84,4,5,9,0.5827776292984372),1.0))

23:01:18.905 [LocalJobRunner Map Task Executor #0] INFO  - mapper1 output[ids]:- key: NodeObject(18,3,14,1,68,1,5,4,0.24798693717137488) ---val: List((NodeObject(15,2,3,1,17,0,4,13,0.6807689182962665),0.0), (NodeObject(12,6,15,1,34,1,1,18,0.1484437255314459),0.0), (NodeObject(0,0,11,1,84,4,5,9,0.5827776292984372),0.0))

23:01:18.905 [LocalJobRunner Map Task Executor #0] INFO  - mapper1 output[ids]:- key: NodeObject(5,4,11,1,86,0,1,5,0.7994990274174223) ---val: List((NodeObject(15,2,3,1,17,0,4,13,0.6807689182962665),0.0), (NodeObject(12,6,15,1,34,1,1,18,0.1484437255314459),0.0), (NodeObject(0,0,11,1,84,4,5,9,0.5827776292984372),0.0))

23:01:18.905 [LocalJobRunner Map Task Executor #0] INFO  - mapper1 output[ids]:- key: NodeObject(7,5,13,1,10,0,3,5,0.07014254745794635) ---val: List((NodeObject(15,2,3,1,17,0,4,13,0.6807689182962665),0.0), (NodeObject(12,6,15,1,34,1,1,18,0.1484437255314459),0.0), (NodeObject(0,0,11,1,84,4,5,9,0.5827776292984372),0.0))

23:01:18.905 [LocalJobRunner Map Task Executor #0] INFO  - mapper1 output[ids]:- key: NodeObject(19,2,0,1,43,4,1,4,0.3004878843780977) ---val: List((NodeObject(15,2,3,1,17,0,4,13,0.6807689182962665),0.0), (NodeObject(12,6,15,1,34,1,1,18,0.1484437255314459),0.0), (NodeObject(0,0,11,1,84,4,5,9,0.5827776292984372),0.0))

23:01:18.905 [LocalJobRunner Map Task Executor #0] INFO  - mapper1 output[ids]:- key: NodeObject(6,3,19,1,99,4,1,1,0.8144618384339453) ---val: List((NodeObject(15,2,3,1,17,0,4,13,0.6807689182962665),0.0), (NodeObject(12,6,15,1,34,1,1,18,0.1484437255314459),0.0), (NodeObject(0,0,11,1,84,4,5,9,0.5827776292984372),0.0))

23:01:18.905 [LocalJobRunner Map Task Executor #0] INFO  - mapper1 output[ids]:- key: NodeObject(0,0,11,1,84,4,5,9,0.5827776292984372) ---val: List((NodeObject(2,1,5,1,35,1,3,19,0.8388753742369075),0.0), (NodeObject(17,3,4,1,87,0,0,5,0.10701205573724826),0.0), (NodeObject(1,1,18,1,11,4,6,5,0.2806625912171058),0.0), (NodeObject(0,0,11,1,84,4,5,9,0.5827776292984372),1.0))

23:01:18.905 [LocalJobRunner Map Task Executor #0] INFO  - mapper1 output[ids]:- key: NodeObject(6,3,19,1,99,4,1,1,0.8144618384339453) ---val: List((NodeObject(2,1,5,1,35,1,3,19,0.8388753742369075),0.0), (NodeObject(17,3,4,1,87,0,0,5,0.10701205573724826),0.0), (NodeObject(1,1,18,1,11,4,6,5,0.2806625912171058),0.0), (NodeObject(0,0,11,1,84,4,5,9,0.5827776292984372),0.0))

23:01:18.905 [LocalJobRunner Map Task Executor #0] INFO  - mapper1 output[ids]:- key: NodeObject(11,6,6,1,26,4,6,6,0.7438853507936335) ---val: List((NodeObject(2,1,5,1,35,1,3,19,0.8388753742369075),0.0), (NodeObject(17,3,4,1,87,0,0,5,0.10701205573724826),0.0), (NodeObject(1,1,18,1,11,4,6,5,0.2806625912171058),0.0), (NodeObject(0,0,11,1,84,4,5,9,0.5827776292984372),0.0))

23:01:18.937 [LocalJobRunner Map Task Executor #0] INFO  - mapper1 output[ids]:- key: NodeObject(0,0,11,1,84,4,5,9,0.5827776292984372) ---val: List((NodeObject(20,6,7,1,28,4,0,14,0.0628437209012701),0.0), (NodeObject(3,1,11,1,37,0,3,10,0.8626833376275964),0.0), (NodeObject(9,3,17,1,34,1,4,5,0.20299478743204047),0.0), (NodeObject(1,1,18,1,11,4,6,5,0.2806625912171058),0.0), (NodeObject(0,0,11,1,84,4,5,9,0.5827776292984372),1.0), (NodeObject(8,5,6,1,25,3,3,19,0.15238957077919457),0.0))

23:01:18.937 [LocalJobRunner Map Task Executor #0] INFO  - mapper1 output[ids]:- key: NodeObject(6,3,19,1,99,4,1,1,0.8144618384339453) ---val: List((NodeObject(20,6,7,1,28,4,0,14,0.0628437209012701),0.0), (NodeObject(3,1,11,1,37,0,3,10,0.8626833376275964),0.0), (NodeObject(9,3,17,1,34,1,4,5,0.20299478743204047),0.0), (NodeObject(1,1,18,1,11,4,6,5,0.2806625912171058),0.0), (NodeObject(0,0,11,1,84,4,5,9,0.5827776292984372),0.0), (NodeObject(8,5,6,1,25,3,3,19,0.15238957077919457),0.0))

23:01:18.937 [LocalJobRunner Map Task Executor #0] INFO  - mapper1 output[ids]:- key: NodeObject(11,6,6,1,26,4,6,6,0.7438853507936335) ---val: List((NodeObject(20,6,7,1,28,4,0,14,0.0628437209012701),0.0), (NodeObject(3,1,11,1,37,0,3,10,0.8626833376275964),0.0), (NodeObject(9,3,17,1,34,1,4,5,0.20299478743204047),0.0), (NodeObject(1,1,18,1,11,4,6,5,0.2806625912171058),0.0), (NodeObject(0,0,11,1,84,4,5,9,0.5827776292984372),0.0), (NodeObject(8,5,6,1,25,3,3,19,0.15238957077919457),0.0))

23:01:18.937 [LocalJobRunner Map Task Executor #0] INFO  - mapper1 output[ids]:- key: NodeObject(0,0,11,1,84,4,5,9,0.5827776292984372) ---val: List((NodeObject(4,3,10,1,45,3,4,14,0.6810453271960514),0.0), (NodeObject(21,4,14,1,30,3,3,10,0.05614565169070462),0.0), (NodeObject(9,3,17,1,34,1,4,5,0.20299478743204047),0.0), (NodeObject(18,3,14,1,68,1,5,4,0.24798693717137488),0.0), (NodeObject(0,0,11,1,84,4,5,9,0.5827776292984372),1.0), (NodeObject(16,5,19,1,20,2,3,0,0.14008970054960346),0.0))

23:01:18.937 [LocalJobRunner Map Task Executor #0] INFO  - mapper1 output[ids]:- key: NodeObject(6,3,19,1,99,4,1,1,0.8144618384339453) ---val: List((NodeObject(4,3,10,1,45,3,4,14,0.6810453271960514),0.0), (NodeObject(21,4,14,1,30,3,3,10,0.05614565169070462),0.0), (NodeObject(9,3,17,1,34,1,4,5,0.20299478743204047),0.0), (NodeObject(18,3,14,1,68,1,5,4,0.24798693717137488),0.0), (NodeObject(0,0,11,1,84,4,5,9,0.5827776292984372),0.0), (NodeObject(16,5,19,1,20,2,3,0,0.14008970054960346),0.0))

23:01:18.937 [LocalJobRunner Map Task Executor #0] INFO  - mapper1 output[ids]:- key: NodeObject(11,6,6,1,26,4,6,6,0.7438853507936335) ---val: List((NodeObject(4,3,10,1,45,3,4,14,0.6810453271960514),0.0), (NodeObject(21,4,14,1,30,3,3,10,0.05614565169070462),0.0), (NodeObject(9,3,17,1,34,1,4,5,0.20299478743204047),0.0), (NodeObject(18,3,14,1,68,1,5,4,0.24798693717137488),0.0), (NodeObject(0,0,11,1,84,4,5,9,0.5827776292984372),0.0), (NodeObject(16,5,19,1,20,2,3,0,0.14008970054960346),0.0))

23:01:18.952 [LocalJobRunner Map Task Executor #0] INFO  - mapper1 output[ids]:- key: NodeObject(0,0,11,1,84,4,5,9,0.5827776292984372) ---val: List((NodeObject(7,5,13,1,10,0,3,5,0.07014254745794635),0.0), (NodeObject(6,3,19,1,99,4,1,1,0.8144618384339453),0.0), (NodeObject(18,3,14,1,68,1,5,4,0.24798693717137488),0.0), (NodeObject(0,0,11,1,84,4,5,9,0.5827776292984372),1.0), (NodeObject(5,4,11,1,86,0,1,5,0.7994990274174223),0.0), (NodeObject(19,2,0,1,43,4,1,4,0.3004878843780977),0.0))

23:01:18.952 [LocalJobRunner Map Task Executor #0] INFO  - mapper1 output[ids]:- key: NodeObject(6,3,19,1,99,4,1,1,0.8144618384339453) ---val: List((NodeObject(7,5,13,1,10,0,3,5,0.07014254745794635),0.0), (NodeObject(6,3,19,1,99,4,1,1,0.8144618384339453),1.0), (NodeObject(18,3,14,1,68,1,5,4,0.24798693717137488),0.0), (NodeObject(0,0,11,1,84,4,5,9,0.5827776292984372),0.0), (NodeObject(5,4,11,1,86,0,1,5,0.7994990274174223),0.0), (NodeObject(19,2,0,1,43,4,1,4,0.3004878843780977),0.0))

23:01:18.952 [LocalJobRunner Map Task Executor #0] INFO  - mapper1 output[ids]:- key: NodeObject(11,6,6,1,26,4,6,6,0.7438853507936335) ---val: List((NodeObject(7,5,13,1,10,0,3,5,0.07014254745794635),0.0), (NodeObject(6,3,19,1,99,4,1,1,0.8144618384339453),0.0), (NodeObject(18,3,14,1,68,1,5,4,0.24798693717137488),0.0), (NodeObject(0,0,11,1,84,4,5,9,0.5827776292984372),0.0), (NodeObject(5,4,11,1,86,0,1,5,0.7994990274174223),0.0), (NodeObject(19,2,0,1,43,4,1,4,0.3004878843780977),0.0))

23:01:18.968 [LocalJobRunner Map Task Executor #0] INFO  - mapper1 output[ids]:- key: NodeObject(0,0,11,1,84,4,5,9,0.5827776292984372) ---val: List((NodeObject(15,2,3,1,17,0,4,13,0.6807689182962665),0.0), (NodeObject(13,6,5,1,0,2,0,2,0.654537777056837),0.0), (NodeObject(6,3,19,1,99,4,1,1,0.8144618384339453),0.0), (NodeObject(10,2,9,1,33,1,30,6,0.7496347382387955),0.0), (NodeObject(0,0,11,1,84,4,5,9,0.5827776292984372),1.0), (NodeObject(11,6,6,1,13,4,13,6,0.650083935433136),0.0))

23:01:18.968 [LocalJobRunner Map Task Executor #0] INFO  - mapper1 output[ids]:- key: NodeObject(6,3,19,1,99,4,1,1,0.8144618384339453) ---val: List((NodeObject(15,2,3,1,17,0,4,13,0.6807689182962665),0.0), (NodeObject(13,6,5,1,0,2,0,2,0.654537777056837),0.0), (NodeObject(6,3,19,1,99,4,1,1,0.8144618384339453),1.0), (NodeObject(10,2,9,1,33,1,30,6,0.7496347382387955),0.0), (NodeObject(0,0,11,1,84,4,5,9,0.5827776292984372),0.0), (NodeObject(11,6,6,1,13,4,13,6,0.650083935433136),0.0))

23:01:18.968 [LocalJobRunner Map Task Executor #0] INFO  - mapper1 output[ids]:- key: NodeObject(11,6,6,1,26,4,6,6,0.7438853507936335) ---val: List((NodeObject(15,2,3,1,17,0,4,13,0.6807689182962665),0.0), (NodeObject(13,6,5,1,0,2,0,2,0.654537777056837),0.0), (NodeObject(6,3,19,1,99,4,1,1,0.8144618384339453),0.0), (NodeObject(10,2,9,1,33,1,30,6,0.7496347382387955),0.0), (NodeObject(0,0,11,1,84,4,5,9,0.5827776292984372),0.0), (NodeObject(11,6,6,1,13,4,13,6,0.650083935433136),1.0))

23:01:18.968 [LocalJobRunner Map Task Executor #0] INFO  - mapper1 output[ids]:- key: NodeObject(0,0,11,1,84,4,5,9,0.5827776292984372) ---val: List((NodeObject(15,2,3,1,17,0,4,13,0.6807689182962665),0.0), (NodeObject(12,6,15,1,34,1,1,18,0.1484437255314459),0.0), (NodeObject(0,0,11,1,84,4,5,9,0.5827776292984372),1.0))

23:01:18.968 [LocalJobRunner Map Task Executor #0] INFO  - mapper1 output[ids]:- key: NodeObject(6,3,19,1,99,4,1,1,0.8144618384339453) ---val: List((NodeObject(15,2,3,1,17,0,4,13,0.6807689182962665),0.0), (NodeObject(12,6,15,1,34,1,1,18,0.1484437255314459),0.0), (NodeObject(0,0,11,1,84,4,5,9,0.5827776292984372),0.0))

23:01:18.968 [LocalJobRunner Map Task Executor #0] INFO  - mapper1 output[ids]:- key: NodeObject(11,6,6,1,26,4,6,6,0.7438853507936335) ---val: List((NodeObject(15,2,3,1,17,0,4,13,0.6807689182962665),0.0), (NodeObject(12,6,15,1,34,1,1,18,0.1484437255314459),0.0), (NodeObject(0,0,11,1,84,4,5,9,0.5827776292984372),0.0))

23:01:18.968 [LocalJobRunner Map Task Executor #0] INFO  - 
23:01:18.968 [LocalJobRunner Map Task Executor #0] INFO  - Starting flush of map output
23:01:18.968 [LocalJobRunner Map Task Executor #0] INFO  - Spilling map output
23:01:18.968 [LocalJobRunner Map Task Executor #0] INFO  - bufstart = 0; bufend = 71186; bufvoid = 104857600
23:01:18.968 [LocalJobRunner Map Task Executor #0] INFO  - kvstart = 26214396(104857584); kvend = 26213584(104854336); length = 813/6553600
23:01:18.984 [LocalJobRunner Map Task Executor #0] WARN  - "local" is a deprecated filesystem name. Use "file:///" instead.
23:01:19.094 [LocalJobRunner Map Task Executor #0] INFO  - reducer1 output: key:-NodeObject(0,0,11,1,84,4,5,9,0.5827776292984372) --- val: List((NodeObject(0,0,11,1,84,4,5,9,0.5827776292984372),1.0))
23:01:19.109 [LocalJobRunner Map Task Executor #0] INFO  - reducer1 output: key:-NodeObject(1,1,18,1,11,4,6,5,0.2806625912171058) --- val: List((NodeObject(1,1,18,1,11,4,6,5,0.2806625912171058),1.0))
23:01:19.125 [LocalJobRunner Map Task Executor #0] INFO  - reducer1 output: key:-NodeObject(10,2,9,1,86,1,3,6,0.40733381884581055) --- val: List(List(NodeObject(-1,0,0,0,0,0,0,0,0),-1.0))
23:01:19.140 [LocalJobRunner Map Task Executor #0] INFO  - reducer1 output: key:-NodeObject(11,6,6,1,26,4,6,6,0.7438853507936335) --- val: List((NodeObject(11,6,6,1,13,4,13,6,0.650083935433136),1.0))
23:01:19.156 [LocalJobRunner Map Task Executor #0] INFO  - reducer1 output: key:-NodeObject(12,6,15,1,34,1,1,18,0.1484437255314459) --- val: List((NodeObject(12,6,15,1,34,1,1,18,0.1484437255314459),1.0))
23:01:19.172 [LocalJobRunner Map Task Executor #0] INFO  - reducer1 output: key:-NodeObject(13,6,5,1,0,2,3,2,0.7512178587047972) --- val: List(List(NodeObject(-1,0,0,0,0,0,0,0,0),-1.0))
23:01:19.189 [LocalJobRunner Map Task Executor #0] INFO  - reducer1 output: key:-NodeObject(14,5,19,1,80,3,2,17,0.6498523079692194) --- val: List(List(NodeObject(-1,0,0,0,0,0,0,0,0),-1.0))
23:01:19.203 [LocalJobRunner Map Task Executor #0] INFO  - reducer1 output: key:-NodeObject(15,2,3,1,17,0,4,13,0.6807689182962665) --- val: List((NodeObject(15,2,3,1,17,0,4,13,0.6807689182962665),1.0))
23:01:19.203 [LocalJobRunner Map Task Executor #0] INFO  - reducer1 output: key:-NodeObject(16,5,19,1,20,2,3,0,0.14008970054960346) --- val: List((NodeObject(16,5,19,1,20,2,3,0,0.14008970054960346),1.0))
23:01:19.219 [LocalJobRunner Map Task Executor #0] INFO  - reducer1 output: key:-NodeObject(17,3,4,1,87,0,0,5,0.10701205573724826) --- val: List((NodeObject(17,3,4,1,87,0,0,5,0.10701205573724826),1.0))
23:01:19.250 [LocalJobRunner Map Task Executor #0] INFO  - reducer1 output: key:-NodeObject(18,3,14,1,68,1,5,4,0.24798693717137488) --- val: List((NodeObject(18,3,14,1,68,1,5,4,0.24798693717137488),1.0))
23:01:19.250 [LocalJobRunner Map Task Executor #0] INFO  - reducer1 output: key:-NodeObject(19,2,0,1,43,4,1,4,0.3004878843780977) --- val: List((NodeObject(19,2,0,1,43,4,1,4,0.3004878843780977),1.0))
23:01:19.266 [LocalJobRunner Map Task Executor #0] INFO  - reducer1 output: key:-NodeObject(2,1,5,1,35,1,3,19,0.8388753742369075) --- val: List((NodeObject(2,1,5,1,35,1,3,19,0.8388753742369075),1.0))
23:01:19.266 [LocalJobRunner Map Task Executor #0] INFO  - reducer1 output: key:-NodeObject(20,6,7,1,28,4,0,14,0.0628437209012701) --- val: List((NodeObject(20,6,7,1,28,4,0,14,0.0628437209012701),1.0))
23:01:19.289 [LocalJobRunner Map Task Executor #0] INFO  - reducer1 output: key:-NodeObject(3,1,11,1,37,0,3,10,0.8626833376275964) --- val: List((NodeObject(3,1,11,1,37,0,3,10,0.8626833376275964),1.0))
23:01:19.297 [LocalJobRunner Map Task Executor #0] INFO  - reducer1 output: key:-NodeObject(4,3,10,1,45,3,4,14,0.6810453271960514) --- val: List((NodeObject(4,3,10,1,45,3,4,14,0.6810453271960514),1.0))
23:01:19.297 [LocalJobRunner Map Task Executor #0] INFO  - reducer1 output: key:-NodeObject(5,4,11,1,86,0,1,5,0.7994990274174223) --- val: List((NodeObject(5,4,11,1,86,0,1,5,0.7994990274174223),1.0))
23:01:19.313 [LocalJobRunner Map Task Executor #0] INFO  - reducer1 output: key:-NodeObject(6,3,19,1,99,4,1,1,0.8144618384339453) --- val: List((NodeObject(6,3,19,1,99,4,1,1,0.8144618384339453),1.0))
23:01:19.329 [LocalJobRunner Map Task Executor #0] INFO  - reducer1 output: key:-NodeObject(7,5,13,1,10,0,3,5,0.07014254745794635) --- val: List((NodeObject(7,5,13,1,10,0,3,5,0.07014254745794635),1.0))
23:01:19.360 [LocalJobRunner Map Task Executor #0] INFO  - reducer1 output: key:-NodeObject(8,5,6,1,25,3,3,19,0.15238957077919457) --- val: List((NodeObject(8,5,6,1,25,3,3,19,0.15238957077919457),1.0))
23:01:19.376 [LocalJobRunner Map Task Executor #0] INFO  - reducer1 output: key:-NodeObject(9,3,17,1,34,1,4,5,0.20299478743204047) --- val: List((NodeObject(9,3,17,1,34,1,4,5,0.20299478743204047),1.0))
23:01:19.376 [LocalJobRunner Map Task Executor #0] INFO  - Finished spill 0
23:01:19.376 [LocalJobRunner Map Task Executor #0] WARN  - "local" is a deprecated filesystem name. Use "file:///" instead.
23:01:19.389 [LocalJobRunner Map Task Executor #0] INFO  - Task:attempt_local1036657382_0001_m_000000_0 is done. And is in the process of committing
23:01:19.389 [LocalJobRunner Map Task Executor #0] WARN  - "local" is a deprecated filesystem name. Use "file:///" instead.
23:01:19.389 [LocalJobRunner Map Task Executor #0] WARN  - "local" is a deprecated filesystem name. Use "file:///" instead.
23:01:19.392 [LocalJobRunner Map Task Executor #0] INFO  - file:/C:/UIC EDUCATION/SEM 3/CS441/github/Big-Data-Graph-Analysis-with-Hadoop/outputs/MapReduce1/mapper1Input.txt:0+51738
23:01:19.392 [LocalJobRunner Map Task Executor #0] INFO  - Task 'attempt_local1036657382_0001_m_000000_0' done.
23:01:19.392 [LocalJobRunner Map Task Executor #0] INFO  - Final Counters for attempt_local1036657382_0001_m_000000_0: Counters: 18
	File System Counters
		FILE: Number of bytes read=207465
		FILE: Number of bytes written=578722
		FILE: Number of read operations=0
		FILE: Number of large read operations=0
		FILE: Number of write operations=0
	Map-Reduce Framework
		Map input records=36
		Map output records=204
		Map output bytes=71186
		Map output materialized bytes=2349
		Input split bytes=165
		Combine input records=204
		Combine output records=21
		Spilled Records=21
		Failed Shuffles=0
		Merged Map outputs=0
		GC time elapsed (ms)=13
		Total committed heap usage (bytes)=224395264
	File Input Format Counters 
		Bytes Read=51738
23:01:19.392 [LocalJobRunner Map Task Executor #0] INFO  - Finishing task: attempt_local1036657382_0001_m_000000_0
23:01:19.392 [Thread-3] INFO  - map task executor complete.
23:01:19.392 [Thread-3] INFO  - Waiting for reduce tasks
23:01:19.392 [pool-5-thread-1] INFO  - Starting task: attempt_local1036657382_0001_r_000000_0
23:01:19.392 [pool-5-thread-1] INFO  - File Output Committer Algorithm version is 2
23:01:19.392 [pool-5-thread-1] INFO  - FileOutputCommitter skip cleanup _temporary folders under output directory:false, ignore cleanup failures: false
23:01:19.392 [pool-5-thread-1] WARN  - "local" is a deprecated filesystem name. Use "file:///" instead.
23:01:19.392 [pool-5-thread-1] INFO  - ProcfsBasedProcessTree currently is supported only on Linux.
23:01:19.423 [pool-5-thread-1] INFO  -  Using ResourceCalculatorProcessTree : org.apache.hadoop.yarn.util.WindowsBasedProcessTree@3da9ce3e
23:01:19.423 [pool-5-thread-1] INFO  - Using ShuffleConsumerPlugin: org.apache.hadoop.mapreduce.task.reduce.Shuffle@5528767e
23:01:19.423 [pool-5-thread-1] WARN  - "local" is a deprecated filesystem name. Use "file:///" instead.
23:01:19.423 [pool-5-thread-1] WARN  - JobTracker metrics system already initialized!
23:01:19.439 [pool-5-thread-1] INFO  - MergerManager: memoryLimit=2959500800, maxSingleShuffleLimit=739875200, mergeThreshold=1953270656, ioSortFactor=10, memToMemMergeOutputsThreshold=10
23:01:19.439 [EventFetcher for fetching Map Completion Events] INFO  - attempt_local1036657382_0001_r_000000_0 Thread started: EventFetcher for fetching Map Completion Events
23:01:19.439 [localfetcher#1] WARN  - "local" is a deprecated filesystem name. Use "file:///" instead.
23:01:19.439 [localfetcher#1] INFO  - localfetcher#1 about to shuffle output of map attempt_local1036657382_0001_m_000000_0 decomp: 2345 len: 2349 to MEMORY
23:01:19.454 [localfetcher#1] WARN  - "local" is a deprecated filesystem name. Use "file:///" instead.
23:01:19.454 [localfetcher#1] INFO  - Read 2345 bytes from map-output for attempt_local1036657382_0001_m_000000_0
23:01:19.454 [localfetcher#1] INFO  - closeInMemoryFile -> map-output of size: 2345, inMemoryMapOutputs.size() -> 1, commitMemory -> 0, usedMemory ->2345
23:01:19.454 [EventFetcher for fetching Map Completion Events] INFO  - EventFetcher is interrupted.. Returning
23:01:19.454 [pool-5-thread-1] INFO  - 1 / 1 copied.
23:01:19.454 [pool-5-thread-1] INFO  - finalMerge called with 1 in-memory map-outputs and 0 on-disk map-outputs
23:01:19.454 [pool-5-thread-1] WARN  - "local" is a deprecated filesystem name. Use "file:///" instead.
23:01:19.470 [pool-5-thread-1] INFO  - Merging 1 sorted segments
23:01:19.470 [pool-5-thread-1] INFO  - Down to the last merge-pass, with 1 segments left of total size: 2294 bytes
23:01:19.470 [pool-5-thread-1] INFO  - Merged 1 segments, 2345 bytes to disk to satisfy reduce memory limit
23:01:19.470 [pool-5-thread-1] INFO  - Merging 1 files, 2349 bytes from disk
23:01:19.470 [pool-5-thread-1] INFO  - Merging 0 segments, 0 bytes from memory into reduce
23:01:19.470 [pool-5-thread-1] INFO  - Merging 1 sorted segments
23:01:19.470 [pool-5-thread-1] INFO  - Down to the last merge-pass, with 1 segments left of total size: 2294 bytes
23:01:19.470 [pool-5-thread-1] INFO  - 1 / 1 copied.
23:01:19.470 [pool-5-thread-1] WARN  - "local" is a deprecated filesystem name. Use "file:///" instead.
23:01:19.470 [pool-5-thread-1] WARN  - "local" is a deprecated filesystem name. Use "file:///" instead.
23:01:19.470 [pool-5-thread-1] WARN  - "local" is a deprecated filesystem name. Use "file:///" instead.
23:01:19.470 [pool-5-thread-1] WARN  - "local" is a deprecated filesystem name. Use "file:///" instead.
23:01:19.485 [pool-5-thread-1] INFO  - reducer1 output: key:-NodeObject(0,0,11,1,84,4,5,9,0.5827776292984372) --- val: List((NodeObject(0,0,11,1,84,4,5,9,0.5827776292984372),1.0))
23:01:19.489 [pool-5-thread-1] INFO  - reducer1 output: key:-NodeObject(1,1,18,1,11,4,6,5,0.2806625912171058) --- val: List((NodeObject(1,1,18,1,11,4,6,5,0.2806625912171058),1.0))
23:01:19.489 [pool-5-thread-1] INFO  - reducer1 output: key:-NodeObject(10,2,9,1,86,1,3,6,0.40733381884581055) --- val: List((NodeObject(-1,0,0,0,0,0,0,0,0.0),-1.0))
23:01:19.489 [pool-5-thread-1] INFO  - reducer1 output: key:-NodeObject(11,6,6,1,26,4,6,6,0.7438853507936335) --- val: List((NodeObject(11,6,6,1,13,4,13,6,0.650083935433136),1.0))
23:01:19.489 [pool-5-thread-1] INFO  - reducer1 output: key:-NodeObject(12,6,15,1,34,1,1,18,0.1484437255314459) --- val: List((NodeObject(12,6,15,1,34,1,1,18,0.1484437255314459),1.0))
23:01:19.489 [pool-5-thread-1] INFO  - reducer1 output: key:-NodeObject(13,6,5,1,0,2,3,2,0.7512178587047972) --- val: List((NodeObject(-1,0,0,0,0,0,0,0,0.0),-1.0))
23:01:19.489 [pool-5-thread-1] INFO  - reducer1 output: key:-NodeObject(14,5,19,1,80,3,2,17,0.6498523079692194) --- val: List((NodeObject(-1,0,0,0,0,0,0,0,0.0),-1.0))
23:01:19.489 [pool-5-thread-1] INFO  - reducer1 output: key:-NodeObject(15,2,3,1,17,0,4,13,0.6807689182962665) --- val: List((NodeObject(15,2,3,1,17,0,4,13,0.6807689182962665),1.0))
23:01:19.489 [pool-5-thread-1] INFO  - reducer1 output: key:-NodeObject(16,5,19,1,20,2,3,0,0.14008970054960346) --- val: List((NodeObject(16,5,19,1,20,2,3,0,0.14008970054960346),1.0))
23:01:19.489 [pool-5-thread-1] INFO  - reducer1 output: key:-NodeObject(17,3,4,1,87,0,0,5,0.10701205573724826) --- val: List((NodeObject(17,3,4,1,87,0,0,5,0.10701205573724826),1.0))
23:01:19.489 [pool-5-thread-1] INFO  - reducer1 output: key:-NodeObject(18,3,14,1,68,1,5,4,0.24798693717137488) --- val: List((NodeObject(18,3,14,1,68,1,5,4,0.24798693717137488),1.0))
23:01:19.489 [pool-5-thread-1] INFO  - reducer1 output: key:-NodeObject(19,2,0,1,43,4,1,4,0.3004878843780977) --- val: List((NodeObject(19,2,0,1,43,4,1,4,0.3004878843780977),1.0))
23:01:19.489 [pool-5-thread-1] INFO  - reducer1 output: key:-NodeObject(2,1,5,1,35,1,3,19,0.8388753742369075) --- val: List((NodeObject(2,1,5,1,35,1,3,19,0.8388753742369075),1.0))
23:01:19.501 [pool-5-thread-1] INFO  - reducer1 output: key:-NodeObject(20,6,7,1,28,4,0,14,0.0628437209012701) --- val: List((NodeObject(20,6,7,1,28,4,0,14,0.0628437209012701),1.0))
23:01:19.501 [pool-5-thread-1] INFO  - reducer1 output: key:-NodeObject(3,1,11,1,37,0,3,10,0.8626833376275964) --- val: List((NodeObject(3,1,11,1,37,0,3,10,0.8626833376275964),1.0))
23:01:19.501 [pool-5-thread-1] INFO  - reducer1 output: key:-NodeObject(4,3,10,1,45,3,4,14,0.6810453271960514) --- val: List((NodeObject(4,3,10,1,45,3,4,14,0.6810453271960514),1.0))
23:01:19.501 [pool-5-thread-1] INFO  - reducer1 output: key:-NodeObject(5,4,11,1,86,0,1,5,0.7994990274174223) --- val: List((NodeObject(5,4,11,1,86,0,1,5,0.7994990274174223),1.0))
23:01:19.501 [pool-5-thread-1] INFO  - reducer1 output: key:-NodeObject(6,3,19,1,99,4,1,1,0.8144618384339453) --- val: List((NodeObject(6,3,19,1,99,4,1,1,0.8144618384339453),1.0))
23:01:19.501 [pool-5-thread-1] INFO  - reducer1 output: key:-NodeObject(7,5,13,1,10,0,3,5,0.07014254745794635) --- val: List((NodeObject(7,5,13,1,10,0,3,5,0.07014254745794635),1.0))
23:01:19.501 [pool-5-thread-1] INFO  - reducer1 output: key:-NodeObject(8,5,6,1,25,3,3,19,0.15238957077919457) --- val: List((NodeObject(8,5,6,1,25,3,3,19,0.15238957077919457),1.0))
23:01:19.501 [pool-5-thread-1] INFO  - reducer1 output: key:-NodeObject(9,3,17,1,34,1,4,5,0.20299478743204047) --- val: List((NodeObject(9,3,17,1,34,1,4,5,0.20299478743204047),1.0))
23:01:19.501 [pool-5-thread-1] INFO  - Task:attempt_local1036657382_0001_r_000000_0 is done. And is in the process of committing
23:01:19.501 [pool-5-thread-1] WARN  - "local" is a deprecated filesystem name. Use "file:///" instead.
23:01:19.501 [pool-5-thread-1] INFO  - 1 / 1 copied.
23:01:19.501 [pool-5-thread-1] INFO  - Task attempt_local1036657382_0001_r_000000_0 is allowed to commit now
23:01:19.501 [pool-5-thread-1] WARN  - "local" is a deprecated filesystem name. Use "file:///" instead.
23:01:19.517 [pool-5-thread-1] INFO  - Saved output of task 'attempt_local1036657382_0001_r_000000_0' to file:/C:/UIC EDUCATION/SEM 3/CS441/github/Big-Data-Graph-Analysis-with-Hadoop/outputs/MapReduce1/output
23:01:19.517 [pool-5-thread-1] INFO  - reduce > reduce
23:01:19.517 [pool-5-thread-1] INFO  - Task 'attempt_local1036657382_0001_r_000000_0' done.
23:01:19.517 [pool-5-thread-1] INFO  - Final Counters for attempt_local1036657382_0001_r_000000_0: Counters: 24
	File System Counters
		FILE: Number of bytes read=212195
		FILE: Number of bytes written=583394
		FILE: Number of read operations=0
		FILE: Number of large read operations=0
		FILE: Number of write operations=0
	Map-Reduce Framework
		Combine input records=0
		Combine output records=0
		Reduce input groups=21
		Reduce shuffle bytes=2349
		Reduce input records=21
		Reduce output records=21
		Spilled Records=21
		Shuffled Maps =1
		Failed Shuffles=0
		Merged Map outputs=1
		GC time elapsed (ms)=0
		Total committed heap usage (bytes)=224395264
	Shuffle Errors
		BAD_ID=0
		CONNECTION=0
		IO_ERROR=0
		WRONG_LENGTH=0
		WRONG_MAP=0
		WRONG_REDUCE=0
	File Output Format Counters 
		Bytes Written=2323
23:01:19.517 [pool-5-thread-1] INFO  - Finishing task: attempt_local1036657382_0001_r_000000_0
23:01:19.517 [Thread-3] INFO  - reduce task executor complete.
23:01:19.517 [Thread-3] WARN  - "local" is a deprecated filesystem name. Use "file:///" instead.
23:01:19.517 [Thread-3] WARN  - "local" is a deprecated filesystem name. Use "file:///" instead.
23:01:19.517 [Thread-3] WARN  - "local" is a deprecated filesystem name. Use "file:///" instead.
23:01:19.895 [main] INFO  -  map 100% reduce 100%
23:01:19.895 [main] INFO  - Job job_local1036657382_0001 completed successfully
23:01:19.895 [main] INFO  - Counters: 30
	File System Counters
		FILE: Number of bytes read=419660
		FILE: Number of bytes written=1162116
		FILE: Number of read operations=0
		FILE: Number of large read operations=0
		FILE: Number of write operations=0
	Map-Reduce Framework
		Map input records=36
		Map output records=204
		Map output bytes=71186
		Map output materialized bytes=2349
		Input split bytes=165
		Combine input records=204
		Combine output records=21
		Reduce input groups=21
		Reduce shuffle bytes=2349
		Reduce input records=21
		Reduce output records=21
		Spilled Records=42
		Shuffled Maps =1
		Failed Shuffles=0
		Merged Map outputs=1
		GC time elapsed (ms)=13
		Total committed heap usage (bytes)=448790528
	Shuffle Errors
		BAD_ID=0
		CONNECTION=0
		IO_ERROR=0
		WRONG_LENGTH=0
		WRONG_MAP=0
		WRONG_REDUCE=0
	File Input Format Counters 
		Bytes Read=51738
	File Output Format Counters 
		Bytes Written=2323
23:01:19.895 [main] INFO  - Yaml File predictedYaml.yaml already exists!
23:01:19.973 [main] INFO  - Yaml File predictedYaml.yaml already exists!
23:01:20.130 [main] WARN  - "local" is a deprecated filesystem name. Use "file:///" instead.
23:01:20.130 [main] WARN  - "local" is a deprecated filesystem name. Use "file:///" instead.
23:01:20.130 [main] WARN  - "local" is a deprecated filesystem name. Use "file:///" instead.
23:01:20.146 [main] WARN  - JobTracker metrics system already initialized!
23:01:20.146 [main] WARN  - "local" is a deprecated filesystem name. Use "file:///" instead.
23:01:20.146 [main] WARN  - JobTracker metrics system already initialized!
23:01:20.146 [main] WARN  - "local" is a deprecated filesystem name. Use "file:///" instead.
23:01:20.146 [main] WARN  - "local" is a deprecated filesystem name. Use "file:///" instead.
23:01:20.146 [main] WARN  - "local" is a deprecated filesystem name. Use "file:///" instead.
23:01:20.146 [main] WARN  - Hadoop command-line option parsing not performed. Implement the Tool interface and execute your application with ToolRunner to remedy this.
23:01:20.162 [main] WARN  - "local" is a deprecated filesystem name. Use "file:///" instead.
23:01:20.162 [main] INFO  - Total input files to process : 1
23:01:20.162 [main] WARN  - "local" is a deprecated filesystem name. Use "file:///" instead.
23:01:20.162 [main] WARN  - "local" is a deprecated filesystem name. Use "file:///" instead.
23:01:20.162 [main] INFO  - number of splits:1
23:01:20.193 [main] INFO  - Submitting tokens for job: job_local1318056810_0002
23:01:20.193 [main] INFO  - Executing with tokens: []
23:01:20.209 [main] WARN  - "local" is a deprecated filesystem name. Use "file:///" instead.
23:01:20.209 [main] WARN  - "local" is a deprecated filesystem name. Use "file:///" instead.
23:01:20.225 [main] WARN  - "local" is a deprecated filesystem name. Use "file:///" instead.
23:01:20.256 [main] INFO  - The url to track the job: http://localhost:8080/
23:01:20.256 [main] INFO  - Running job: job_local1318056810_0002
23:01:20.256 [Thread-12] INFO  - OutputCommitter set in config null
23:01:20.256 [Thread-12] INFO  - OutputCommitter is org.apache.hadoop.mapred.FileOutputCommitter
23:01:20.271 [Thread-12] INFO  - File Output Committer Algorithm version is 2
23:01:20.271 [Thread-12] INFO  - FileOutputCommitter skip cleanup _temporary folders under output directory:false, ignore cleanup failures: false
23:01:20.271 [Thread-12] WARN  - "local" is a deprecated filesystem name. Use "file:///" instead.
23:01:20.271 [Thread-12] WARN  - "local" is a deprecated filesystem name. Use "file:///" instead.
23:01:20.271 [Thread-12] INFO  - Waiting for map tasks
23:01:20.271 [LocalJobRunner Map Task Executor #0] INFO  - Starting task: attempt_local1318056810_0002_m_000000_0
23:01:20.271 [LocalJobRunner Map Task Executor #0] INFO  - File Output Committer Algorithm version is 2
23:01:20.271 [LocalJobRunner Map Task Executor #0] INFO  - FileOutputCommitter skip cleanup _temporary folders under output directory:false, ignore cleanup failures: false
23:01:20.271 [LocalJobRunner Map Task Executor #0] WARN  - "local" is a deprecated filesystem name. Use "file:///" instead.
23:01:20.271 [LocalJobRunner Map Task Executor #0] INFO  - ProcfsBasedProcessTree currently is supported only on Linux.
23:01:20.303 [LocalJobRunner Map Task Executor #0] INFO  -  Using ResourceCalculatorProcessTree : org.apache.hadoop.yarn.util.WindowsBasedProcessTree@3c296de9
23:01:20.303 [LocalJobRunner Map Task Executor #0] WARN  - "local" is a deprecated filesystem name. Use "file:///" instead.
23:01:20.319 [LocalJobRunner Map Task Executor #0] INFO  - Processing split: file:/C:/UIC EDUCATION/SEM 3/CS441/github/Big-Data-Graph-Analysis-with-Hadoop/outputs/MapReduce2/mapper2Input.txt:0+8138
23:01:20.319 [LocalJobRunner Map Task Executor #0] WARN  - "local" is a deprecated filesystem name. Use "file:///" instead.
23:01:20.319 [LocalJobRunner Map Task Executor #0] WARN  - "local" is a deprecated filesystem name. Use "file:///" instead.
23:01:20.319 [LocalJobRunner Map Task Executor #0] INFO  - numReduceTasks: 1
23:01:20.319 [LocalJobRunner Map Task Executor #0] WARN  - "local" is a deprecated filesystem name. Use "file:///" instead.
23:01:20.350 [LocalJobRunner Map Task Executor #0] INFO  - (EQUATOR) 0 kvi 26214396(104857584)
23:01:20.350 [LocalJobRunner Map Task Executor #0] INFO  - mapreduce.task.io.sort.mb: 100
23:01:20.350 [LocalJobRunner Map Task Executor #0] INFO  - soft limit at 83886080
23:01:20.350 [LocalJobRunner Map Task Executor #0] INFO  - bufstart = 0; bufvoid = 104857600
23:01:20.350 [LocalJobRunner Map Task Executor #0] INFO  - kvstart = 26214396; length = 6553600
23:01:20.350 [LocalJobRunner Map Task Executor #0] INFO  - Map output collector class = org.apache.hadoop.mapred.MapTask$MapOutputBuffer
23:01:20.392 [LocalJobRunner Map Task Executor #0] INFO  - mapper2Key: Unperturbed - mapper2Val: 2:17
23:01:20.392 [LocalJobRunner Map Task Executor #0] INFO  - mapper2Key: Unperturbed - mapper2Val: 0:1
23:01:20.392 [LocalJobRunner Map Task Executor #0] INFO  - mapper2Key: Unperturbed - mapper2Val: 0:2
23:01:20.397 [LocalJobRunner Map Task Executor #0] INFO  - mapper2Key: Unperturbed - mapper2Val: 1:20
23:01:20.397 [LocalJobRunner Map Task Executor #0] INFO  - mapper2Key: Unperturbed - mapper2Val: 20:8
23:01:20.397 [LocalJobRunner Map Task Executor #0] INFO  - mapper2Key: Unperturbed - mapper2Val: 8:3
23:01:20.397 [LocalJobRunner Map Task Executor #0] INFO  - mapper2Key: Unperturbed - mapper2Val: 20:8
23:01:20.397 [LocalJobRunner Map Task Executor #0] INFO  - mapper2Key: Unperturbed - mapper2Val: 8:3
23:01:20.397 [LocalJobRunner Map Task Executor #0] INFO  - mapper2Key: Unperturbed - mapper2Val: 3:9
23:01:20.397 [LocalJobRunner Map Task Executor #0] INFO  - mapper2Key: Unperturbed - mapper2Val: 3:9
23:01:20.397 [LocalJobRunner Map Task Executor #0] INFO  - mapper2Key: Unperturbed - mapper2Val: 9:4
23:01:20.413 [LocalJobRunner Map Task Executor #0] INFO  - mapper2Key: Unperturbed - mapper2Val: 4:16
23:01:20.413 [LocalJobRunner Map Task Executor #0] INFO  - mapper2Key: Unperturbed - mapper2Val: 9:4
23:01:20.413 [LocalJobRunner Map Task Executor #0] INFO  - mapper2Key: Unperturbed - mapper2Val: 4:16
23:01:20.413 [LocalJobRunner Map Task Executor #0] INFO  - mapper2Key: Unperturbed - mapper2Val: 16:18
23:01:20.413 [LocalJobRunner Map Task Executor #0] INFO  - mapper2Key: Unperturbed - mapper2Val: 18:5
23:01:20.413 [LocalJobRunner Map Task Executor #0] INFO  - mapper2Key: Unperturbed - mapper2Val: 16:18
23:01:20.413 [LocalJobRunner Map Task Executor #0] INFO  - mapper2Key: Unperturbed - mapper2Val: 5:7
23:01:20.413 [LocalJobRunner Map Task Executor #0] INFO  - mapper2Key: Unperturbed - mapper2Val: 18:5
23:01:20.413 [LocalJobRunner Map Task Executor #0] INFO  - mapper2Key: Unperturbed - mapper2Val: 5:7
23:01:20.413 [LocalJobRunner Map Task Executor #0] INFO  - mapper2Key: Unperturbed - mapper2Val: 7:19
23:01:20.413 [LocalJobRunner Map Task Executor #0] INFO  - mapper2Key: Unperturbed - mapper2Val: 2:17
23:01:20.413 [LocalJobRunner Map Task Executor #0] INFO  - mapper2Key: Unperturbed - mapper2Val: 0:2
23:01:20.413 [LocalJobRunner Map Task Executor #0] INFO  - mapper2Key: Unperturbed - mapper2Val: 15:12
23:01:20.428 [LocalJobRunner Map Task Executor #0] INFO  - mapper2Key: Unperturbed - mapper2Val: 7:19
23:01:20.428 [LocalJobRunner Map Task Executor #0] INFO  - mapper2Key: Unperturbed - mapper2Val: 19:6
23:01:20.428 [LocalJobRunner Map Task Executor #0] INFO  - mapper2Key: Unperturbed - mapper2Val: 6:11
23:01:20.428 [LocalJobRunner Map Task Executor #0] INFO  - mapper2Key: Unperturbed - mapper2Val: 19:6
23:01:20.428 [LocalJobRunner Map Task Executor #0] INFO  - mapper2Key: Unperturbed - mapper2Val: 15:12
23:01:20.428 [LocalJobRunner Map Task Executor #0] INFO  - mapper2Key: Unperturbed - mapper2Val: 1:20
23:01:20.428 [LocalJobRunner Map Task Executor #0] INFO  - mapper2Key: Unperturbed - mapper2Val: 0:1
23:01:20.428 [LocalJobRunner Map Task Executor #0] INFO  - mapper2Key: Unperturbed - mapper2Val: 6:11
23:01:20.428 [LocalJobRunner Map Task Executor #0] INFO  - 
23:01:20.428 [LocalJobRunner Map Task Executor #0] INFO  - Starting flush of map output
23:01:20.428 [LocalJobRunner Map Task Executor #0] INFO  - Spilling map output
23:01:20.428 [LocalJobRunner Map Task Executor #0] INFO  - bufstart = 0; bufend = 536; bufvoid = 104857600
23:01:20.428 [LocalJobRunner Map Task Executor #0] INFO  - kvstart = 26214396(104857584); kvend = 26214272(104857088); length = 125/6553600
23:01:20.428 [LocalJobRunner Map Task Executor #0] WARN  - "local" is a deprecated filesystem name. Use "file:///" instead.
23:01:20.444 [LocalJobRunner Map Task Executor #0] INFO  - 
reducer2Key: Unperturbed -- reducer2Val: List(6:11, 0:1, 1:20, 15:12, 19:6, 7:19, 0:2, 2:17, 5:7, 18:5, 16:18, 4:16, 9:4, 3:9, 8:3, 20:8)
23:01:20.444 [LocalJobRunner Map Task Executor #0] INFO  - Finished spill 0
23:01:20.444 [LocalJobRunner Map Task Executor #0] WARN  - "local" is a deprecated filesystem name. Use "file:///" instead.
23:01:20.444 [LocalJobRunner Map Task Executor #0] INFO  - Task:attempt_local1318056810_0002_m_000000_0 is done. And is in the process of committing
23:01:20.444 [LocalJobRunner Map Task Executor #0] WARN  - "local" is a deprecated filesystem name. Use "file:///" instead.
23:01:20.444 [LocalJobRunner Map Task Executor #0] WARN  - "local" is a deprecated filesystem name. Use "file:///" instead.
23:01:20.444 [LocalJobRunner Map Task Executor #0] INFO  - file:/C:/UIC EDUCATION/SEM 3/CS441/github/Big-Data-Graph-Analysis-with-Hadoop/outputs/MapReduce2/mapper2Input.txt:0+8138
23:01:20.444 [LocalJobRunner Map Task Executor #0] INFO  - Task 'attempt_local1318056810_0002_m_000000_0' done.
23:01:20.444 [LocalJobRunner Map Task Executor #0] INFO  - Final Counters for attempt_local1318056810_0002_m_000000_0: Counters: 18
	File System Counters
		FILE: Number of bytes read=380798
		FILE: Number of bytes written=1168108
		FILE: Number of read operations=0
		FILE: Number of large read operations=0
		FILE: Number of write operations=0
	Map-Reduce Framework
		Map input records=18
		Map output records=32
		Map output bytes=536
		Map output materialized bytes=117
		Input split bytes=165
		Combine input records=32
		Combine output records=1
		Spilled Records=1
		Failed Shuffles=0
		Merged Map outputs=0
		GC time elapsed (ms)=0
		Total committed heap usage (bytes)=199229440
	File Input Format Counters 
		Bytes Read=8214
23:01:20.444 [LocalJobRunner Map Task Executor #0] INFO  - Finishing task: attempt_local1318056810_0002_m_000000_0
23:01:20.444 [Thread-12] INFO  - map task executor complete.
23:01:20.444 [Thread-12] INFO  - Waiting for reduce tasks
23:01:20.444 [pool-10-thread-1] INFO  - Starting task: attempt_local1318056810_0002_r_000000_0
23:01:20.444 [pool-10-thread-1] INFO  - File Output Committer Algorithm version is 2
23:01:20.444 [pool-10-thread-1] INFO  - FileOutputCommitter skip cleanup _temporary folders under output directory:false, ignore cleanup failures: false
23:01:20.444 [pool-10-thread-1] WARN  - "local" is a deprecated filesystem name. Use "file:///" instead.
23:01:20.444 [pool-10-thread-1] INFO  - ProcfsBasedProcessTree currently is supported only on Linux.
23:01:20.475 [pool-10-thread-1] INFO  -  Using ResourceCalculatorProcessTree : org.apache.hadoop.yarn.util.WindowsBasedProcessTree@2101eed5
23:01:20.475 [pool-10-thread-1] INFO  - Using ShuffleConsumerPlugin: org.apache.hadoop.mapreduce.task.reduce.Shuffle@253e6e2d
23:01:20.475 [pool-10-thread-1] WARN  - "local" is a deprecated filesystem name. Use "file:///" instead.
23:01:20.475 [pool-10-thread-1] WARN  - JobTracker metrics system already initialized!
23:01:20.475 [pool-10-thread-1] INFO  - MergerManager: memoryLimit=2959500800, maxSingleShuffleLimit=739875200, mergeThreshold=1953270656, ioSortFactor=10, memToMemMergeOutputsThreshold=10
23:01:20.475 [EventFetcher for fetching Map Completion Events] INFO  - attempt_local1318056810_0002_r_000000_0 Thread started: EventFetcher for fetching Map Completion Events
23:01:20.475 [localfetcher#2] WARN  - "local" is a deprecated filesystem name. Use "file:///" instead.
23:01:20.475 [localfetcher#2] INFO  - localfetcher#2 about to shuffle output of map attempt_local1318056810_0002_m_000000_0 decomp: 113 len: 117 to MEMORY
23:01:20.475 [localfetcher#2] WARN  - "local" is a deprecated filesystem name. Use "file:///" instead.
23:01:20.492 [localfetcher#2] INFO  - Read 113 bytes from map-output for attempt_local1318056810_0002_m_000000_0
23:01:20.492 [localfetcher#2] INFO  - closeInMemoryFile -> map-output of size: 113, inMemoryMapOutputs.size() -> 1, commitMemory -> 0, usedMemory ->113
23:01:20.492 [EventFetcher for fetching Map Completion Events] INFO  - EventFetcher is interrupted.. Returning
23:01:20.492 [pool-10-thread-1] INFO  - 1 / 1 copied.
23:01:20.492 [pool-10-thread-1] INFO  - finalMerge called with 1 in-memory map-outputs and 0 on-disk map-outputs
23:01:20.492 [pool-10-thread-1] WARN  - "local" is a deprecated filesystem name. Use "file:///" instead.
23:01:20.492 [pool-10-thread-1] INFO  - Merging 1 sorted segments
23:01:20.492 [pool-10-thread-1] INFO  - Down to the last merge-pass, with 1 segments left of total size: 99 bytes
23:01:20.492 [pool-10-thread-1] INFO  - Merged 1 segments, 113 bytes to disk to satisfy reduce memory limit
23:01:20.492 [pool-10-thread-1] INFO  - Merging 1 files, 117 bytes from disk
23:01:20.492 [pool-10-thread-1] INFO  - Merging 0 segments, 0 bytes from memory into reduce
23:01:20.492 [pool-10-thread-1] INFO  - Merging 1 sorted segments
23:01:20.492 [pool-10-thread-1] INFO  - Down to the last merge-pass, with 1 segments left of total size: 99 bytes
23:01:20.492 [pool-10-thread-1] INFO  - 1 / 1 copied.
23:01:20.492 [pool-10-thread-1] WARN  - "local" is a deprecated filesystem name. Use "file:///" instead.
23:01:20.492 [pool-10-thread-1] WARN  - "local" is a deprecated filesystem name. Use "file:///" instead.
23:01:20.492 [pool-10-thread-1] WARN  - "local" is a deprecated filesystem name. Use "file:///" instead.
23:01:20.492 [pool-10-thread-1] WARN  - "local" is a deprecated filesystem name. Use "file:///" instead.
23:01:20.507 [pool-10-thread-1] INFO  - 
reducer2Key: Unperturbed -- reducer2Val: List(List(6:11, 0:1, 1:20, 15:12, 19:6, 7:19, 0:2, 2:17, 5:7, 18:5, 16:18, 4:16, 9:4, 3:9, 8:3, 20:8))
23:01:20.507 [pool-10-thread-1] INFO  - Task:attempt_local1318056810_0002_r_000000_0 is done. And is in the process of committing
23:01:20.507 [pool-10-thread-1] WARN  - "local" is a deprecated filesystem name. Use "file:///" instead.
23:01:20.507 [pool-10-thread-1] INFO  - 1 / 1 copied.
23:01:20.507 [pool-10-thread-1] INFO  - Task attempt_local1318056810_0002_r_000000_0 is allowed to commit now
23:01:20.507 [pool-10-thread-1] WARN  - "local" is a deprecated filesystem name. Use "file:///" instead.
23:01:20.507 [pool-10-thread-1] INFO  - Saved output of task 'attempt_local1318056810_0002_r_000000_0' to file:/C:/UIC EDUCATION/SEM 3/CS441/github/Big-Data-Graph-Analysis-with-Hadoop/outputs/MapReduce2/output
23:01:20.507 [pool-10-thread-1] INFO  - reduce > reduce
23:01:20.507 [pool-10-thread-1] INFO  - Task 'attempt_local1318056810_0002_r_000000_0' done.
23:01:20.507 [pool-10-thread-1] INFO  - Final Counters for attempt_local1318056810_0002_r_000000_0: Counters: 24
	File System Counters
		FILE: Number of bytes read=381064
		FILE: Number of bytes written=1168352
		FILE: Number of read operations=0
		FILE: Number of large read operations=0
		FILE: Number of write operations=0
	Map-Reduce Framework
		Combine input records=0
		Combine output records=0
		Reduce input groups=1
		Reduce shuffle bytes=117
		Reduce input records=1
		Reduce output records=1
		Spilled Records=1
		Shuffled Maps =1
		Failed Shuffles=0
		Merged Map outputs=1
		GC time elapsed (ms)=0
		Total committed heap usage (bytes)=199229440
	Shuffle Errors
		BAD_ID=0
		CONNECTION=0
		IO_ERROR=0
		WRONG_LENGTH=0
		WRONG_MAP=0
		WRONG_REDUCE=0
	File Output Format Counters 
		Bytes Written=127
23:01:20.507 [pool-10-thread-1] INFO  - Finishing task: attempt_local1318056810_0002_r_000000_0
23:01:20.507 [Thread-12] INFO  - reduce task executor complete.
23:01:20.507 [Thread-12] WARN  - "local" is a deprecated filesystem name. Use "file:///" instead.
23:01:20.507 [Thread-12] WARN  - "local" is a deprecated filesystem name. Use "file:///" instead.
23:01:20.507 [Thread-12] WARN  - "local" is a deprecated filesystem name. Use "file:///" instead.
23:01:21.264 [main] INFO  - Job job_local1318056810_0002 running in uber mode : false
23:01:21.264 [main] INFO  -  map 100% reduce 100%
23:01:21.264 [main] INFO  - Job job_local1318056810_0002 completed successfully
23:01:21.264 [main] INFO  - Counters: 30
	File System Counters
		FILE: Number of bytes read=761862
		FILE: Number of bytes written=2336460
		FILE: Number of read operations=0
		FILE: Number of large read operations=0
		FILE: Number of write operations=0
	Map-Reduce Framework
		Map input records=18
		Map output records=32
		Map output bytes=536
		Map output materialized bytes=117
		Input split bytes=165
		Combine input records=32
		Combine output records=1
		Reduce input groups=1
		Reduce shuffle bytes=117
		Reduce input records=1
		Reduce output records=1
		Spilled Records=2
		Shuffled Maps =1
		Failed Shuffles=0
		Merged Map outputs=1
		GC time elapsed (ms)=0
		Total committed heap usage (bytes)=398458880
	Shuffle Errors
		BAD_ID=0
		CONNECTION=0
		IO_ERROR=0
		WRONG_LENGTH=0
		WRONG_MAP=0
		WRONG_REDUCE=0
	File Input Format Counters 
		Bytes Read=8214
	File Output Format Counters 
		Bytes Written=127
23:01:21.280 [main] INFO  - Reducer2 Output- EdgeInfos:
23:01:21.280 [main] INFO  - Map(Unperturbed -> List(6:11, 0:1, 1:20, 15:12, 19:6, 7:19, 0:2, 2:17, 5:7, 18:5, 16:18, 4:16, 9:4, 3:9, 8:3, 20:8))
23:01:21.280 [main] INFO  - DTLMap till now:
23:01:21.280 [main] INFO  - 
ATLMap till now:
23:01:21.280 [main] INFO  - Now updating DTL and ATL Maps:

23:01:21.280 [main] INFO  - DTLMap: 
23:01:21.280 [main] INFO  - originalNodeID: 2 - matchIDs: List(1:1.0)
23:01:21.280 [main] INFO  - originalNodeID: 17 - matchIDs: List(20:1.0)
23:01:21.280 [main] INFO  - originalNodeID: 1 - matchIDs: List(2:1.0)
23:01:21.280 [main] INFO  - originalNodeID: 16 - matchIDs: List(21:1.0)
23:01:21.280 [main] INFO  - ATLMap: 
23:01:21.280 [main] INFO  - originalNodeID: 15- matchIDs:15:1.0
23:01:21.280 [main] INFO  - originalNodeID: 7- matchIDs:7:1.0
23:01:21.280 [main] INFO  - originalNodeID: 2- matchIDs:2:1.0
23:01:21.280 [main] INFO  - originalNodeID: 20- matchIDs:20:1.0
23:01:21.280 [main] INFO  - originalNodeID: 4- matchIDs:4:1.0
23:01:21.280 [main] INFO  - originalNodeID: 8- matchIDs:8:1.0
23:01:21.280 [main] INFO  - originalNodeID: 5- matchIDs:5:1.0
23:01:21.280 [main] INFO  - originalNodeID: 19- matchIDs:19:1.0
23:01:21.280 [main] INFO  - originalNodeID: 17- matchIDs:17:1.0
23:01:21.280 [main] INFO  - originalNodeID: 3- matchIDs:3:1.0
23:01:21.280 [main] INFO  - originalNodeID: 11- matchIDs:11:1.0
23:01:21.280 [main] INFO  - originalNodeID: 6- matchIDs:6:1.0
23:01:21.280 [main] INFO  - originalNodeID: 9- matchIDs:9:1.0
23:01:21.280 [main] INFO  - originalNodeID: 1- matchIDs:1:1.0
23:01:21.280 [main] INFO  - originalNodeID: 12- matchIDs:12:1.0
23:01:21.280 [main] INFO  - originalNodeID: 18- matchIDs:18:1.0
23:01:21.280 [main] INFO  - originalNodeID: 0- matchIDs:0:1.0
23:01:21.280 [main] INFO  - originalNodeID: 16- matchIDs:16:1.0
23:01:21.280 [main] INFO  - 
ATLMapCount: 18
23:01:21.280 [main] INFO  - 
DTLMapCount: 4
23:01:21.295 [main] INFO  - Original Modified Nodes: List(11, 10, 13)
23:01:21.295 [main] INFO  - Predicted Modified Nodes: List(10, 11, 13)
23:01:21.295 [main] INFO  - 
Original Removed Nodes: List(14)
23:01:21.295 [main] INFO  - Predicted Removed Nodes: List(14)
23:01:21.295 [main] INFO  - 
Original Added Nodes: List((4,21))
23:01:21.295 [main] INFO  - Predicted Added Nodes: List(21)
23:01:21.295 [main] INFO  - 

Original Modified Edges: List()
23:01:21.295 [main] INFO  - Predicted Modified Edges: List()
23:01:21.295 [main] INFO  - 
Original Removed Edges: Map(17 -> 14, 14 -> 13)
23:01:21.295 [main] INFO  - Predicted Removed Edges: Map(13 -> 10, 14 -> 13, 17 -> 14, 10 -> 15)
23:01:21.295 [main] INFO  - 
Original Added Edges: Map(4 -> 21)
23:01:21.295 [main] INFO  - Predicted Added Edges: Map(13 -> 10, 4 -> 21, 10 -> 15)
23:01:21.295 [main] INFO  - Starting statistical calculations:

23:01:21.311 [main] INFO  - ModifiedNodesCTL: 0  ModifiedNodesATL: 3  ModifiedNodesWTL: 0

23:01:21.311 [main] INFO  - AddedNodesCTL: 0  AddedNodesATL: 1  AddedNodesWTL: 0

23:01:21.311 [main] INFO  - RemovedNodesCTL: 0  RemovedNodesATL: 1  RemovedNodesWTL: 0

23:01:21.311 [main] INFO  - unPerturbedNodesCTL: 0  unPerturbedNodesATL: 20  unPerturbedNodesWTL: 0

23:01:21.311 [main] INFO  - ModifiedEdgesCTL: 0  ModifiedEdgesATL: 0  ModifiedEdgesWTL: 0

23:01:21.311 [main] INFO  - AddedEdgesCTL: 0  AddedEdgesATL: 1  AddedEdgesWTL: 2  
23:01:21.311 [main] INFO  - RemovedEdgesCTL: 0  RemovedEdgesATL: 2  RemovedEdgesWTL: 2  
23:01:21.311 [main] INFO  - Nodes GTL+BTL: 29

23:01:21.311 [main] INFO  - NodesACC = 0.86206895,  NodesBLTR = 0.0,  NodesVPR= 1.0

23:01:21.311 [main] INFO  - 
Edges ATL: 18
Edges DTL: 0
Edges CTL: 2
Edges WTL: 4
 Edges RTL: 24
23:01:21.311 [main] INFO  - 
EdgesACC = 0.75, EdgesBLTR = 0.16666667, EdgesVPR= 0.75
23:01:21.311 [main] INFO  - OverallACC = 0.8060344457626343, OverallBLTR = 0.0833333358168602, OverallVPR= 0.875
